burst_id,source,file,mjd,dms,toa
1,FRB20201124,FRB20201124_0001.fits,59482.94568,412.97,2.700315393
2,FRB20201124,FRB20201124_0002.fits,59482.95464,412.97,3.722441965
3,FRB20201124,FRB20201124_0003.fits,59482.95822,412.97,3.589289775
4,FRB20201124,FRB20201124_0004.fits,59482.96132,412.97,2.092881175
5,FRB20201124,FRB20201124_0005.fits,59482.96206,412.97,0.835693139
6,FRB20201124,FRB20201124_0006.fits,59482.96489,412.97,0.488043018
7,FRB20201124,FRB20201124_0007.fits,59482.96678,412.97,3.034828766
8,FRB20201124,FRB20201124_0008.fits,59482.97941,412.97,4.739588429
9,FRB20201124,FRB20201124_0009.fits,59482.9803,412.97,4.724973743
10,FRB20201124,FRB20201124_0010.fits,59483.86638,412.18,2.396802907
11,FRB20201124,FRB20201124_0011.fits,59483.86904,412.18,0.503937621
12,FRB20201124,FRB20201124_0012.fits,59483.87118,412.18,4.480103566
13,FRB20201124,FRB20201124_0013.fits,59483.87941,412.18,0.442252052
14,FRB20201124,FRB20201124_0014.fits,59483.89465,412.18,2.731828624
15,FRB20201124,FRB20201124_0015.fits,59483.89521,412.18,0.061227917
16,FRB20201124,FRB20201124_0016.fits,59483.89718,412.18,2.838139655
17,FRB20201124,FRB20201124_0017.fits,59483.89824,412.18,3.906414891
18,FRB20201124,FRB20201124_0018.fits,59484.81449,411.51,1.994827366
19,FRB20201124,FRB20201124_0019.fits,59484.81466,411.51,4.149206774
20,FRB20201124,FRB20201124_0020.fits,59484.81515,411.51,1.394326449
21,FRB20201124,FRB20201124_0021.fits,59484.81751,411.51,4.824296781
22,FRB20201124,FRB20201124_0022.fits,59484.8203,411.51,2.122971788
23,FRB20201124,FRB20201124_0023.fits,59484.82081,411.51,0.545763108
24,FRB20201124,FRB20201124_0024.fits,59484.8216,411.51,4.053570097
25,FRB20201124,FRB20201124_0025.fits,59484.8226,411.51,0.950278365
26,FRB20201124,FRB20201124_0026.fits,59484.82391,411.51,3.74175827
27,FRB20201124,FRB20201124_0027.fits,59484.82702,411.51,2.884674305
28,FRB20201124,FRB20201124_0028.fits,59484.82858,411.51,1.881066291
29,FRB20201124,FRB20201124_0029.fits,59484.82961,411.51,0.856930576
30,FRB20201124,FRB20201124_0030.fits,59484.8303,411.51,2.355978219
31,FRB20201124,FRB20201124_0031.fits,59484.83085,411.51,4.929354927
32,FRB20201124,FRB20201124_0032.fits,59484.83103,411.51,1.528251241
33,FRB20201124,FRB20201124_0033.fits,59484.83144,411.51,3.944689804
34,FRB20201124,FRB20201124_0034.fits,59484.83218,411.51,3.310804185
35,FRB20201124,FRB20201124_0035.fits,59484.83371,411.51,0.837296178
36,FRB20201124,FRB20201124_0036.fits,59484.83419,411.51,3.368888889
37,FRB20201124,FRB20201124_0037.fits,59484.8343,411.51,0.737034576
38,FRB20201124,FRB20201124_0038.fits,59484.83548,411.51,4.906664067
39,FRB20201124,FRB20201124_0039.fits,59484.83592,411.51,4.450080846
40,FRB20201124,FRB20201124_0040.fits,59484.83649,411.51,2.508776751
41,FRB20201124,FRB20201124_0041.fits,59484.83885,411.51,0.368524203
42,FRB20201124,FRB20201124_0042.fits,59484.8393,411.51,0.301277032
43,FRB20201124,FRB20201124_0043.fits,59484.83965,411.51,4.848818248
44,FRB20201124,FRB20201124_0044.fits,59484.8398,411.51,4.412390571
45,FRB20201124,FRB20201124_0045.fits,59484.84203,411.51,4.488497833
46,FRB20201124,FRB20201124_0046.fits,59484.84208,411.51,2.413647389
47,FRB20201124,FRB20201124_0047.fits,59484.8423,411.51,2.331013558
48,FRB20201124,FRB20201124_0048.fits,59484.84313,411.51,2.887905529
49,FRB20201124,FRB20201124_0049.fits,59484.84371,411.51,1.723121689
50,FRB20201124,FRB20201124_0050.fits,59484.84507,411.51,2.510560839
51,FRB20201124,FRB20201124_0051.fits,59484.84528,411.51,1.911336067
52,FRB20201124,FRB20201124_0052.fits,59484.84596,411.51,2.933738614
53,FRB20201124,FRB20201124_0053.fits,59484.84701,411.51,2.788257482
54,FRB20201124,FRB20201124_0054.fits,59484.84802,411.51,0.531228259
55,FRB20201124,FRB20201124_0055.fits,59484.84864,411.51,2.255657525
56,FRB20201124,FRB20201124_0056.fits,59484.84908,411.51,1.466347533
57,FRB20201124,FRB20201124_0057.fits,59484.84955,411.51,3.501139604
58,FRB20201124,FRB20201124_0058.fits,59484.8496,411.51,1.845312864
59,FRB20201124,FRB20201124_0059.fits,59484.85148,411.51,2.784773544
60,FRB20201124,FRB20201124_0060.fits,59485.78427,412.55,1.479904214
61,FRB20201124,FRB20201124_0061.fits,59485.78436,412.55,1.989685697
62,FRB20201124,FRB20201124_0062.fits,59485.7857,412.55,2.775360877
63,FRB20201124,FRB20201124_0063.fits,59485.78645,412.55,2.67126204
64,FRB20201124,FRB20201124_0064.fits,59485.78659,412.55,1.679139328
65,FRB20201124,FRB20201124_0065.fits,59485.78698,412.55,3.01750463
66,FRB20201124,FRB20201124_0066.fits,59485.78741,412.55,2.120068716
67,FRB20201124,FRB20201124_0067.fits,59485.78749,412.55,2.02780785
68,FRB20201124,FRB20201124_0068.fits,59485.78774,412.55,4.165333346
69,FRB20201124,FRB20201124_0069.fits,59485.78837,412.55,0.627218862
70,FRB20201124,FRB20201124_0070.fits,59485.78964,412.55,1.097979862
71,FRB20201124,FRB20201124_0071.fits,59485.78972,412.55,1.275642472
72,FRB20201124,FRB20201124_0072.fits,59485.79023,412.55,0.606927532
73,FRB20201124,FRB20201124_0073.fits,59485.79356,412.55,4.861169192
74,FRB20201124,FRB20201124_0074.fits,59485.79522,412.55,0.487413746
75,FRB20201124,FRB20201124_0075.fits,59485.79646,412.55,4.18157496
76,FRB20201124,FRB20201124_0076.fits,59485.79739,412.55,1.057219296
77,FRB20201124,FRB20201124_0077.fits,59485.79807,412.55,1.807910507
78,FRB20201124,FRB20201124_0078.fits,59485.79922,412.55,3.652913449
79,FRB20201124,FRB20201124_0079.fits,59485.79978,412.55,0.550812366
80,FRB20201124,FRB20201124_0080.fits,59485.80023,412.55,1.588573284
81,FRB20201124,FRB20201124_0081.fits,59485.8007,412.55,3.466132376
82,FRB20201124,FRB20201124_0082.fits,59485.80092,412.55,2.6063069
83,FRB20201124,FRB20201124_0083.fits,59485.80097,412.55,0.751328026
84,FRB20201124,FRB20201124_0084.fits,59485.80146,412.55,4.464302002
85,FRB20201124,FRB20201124_0085.fits,59485.80264,412.55,3.904892947
86,FRB20201124,FRB20201124_0086.fits,59485.80343,412.55,0.951537536
87,FRB20201124,FRB20201124_0087.fits,59485.80357,412.55,0.421058619
88,FRB20201124,FRB20201124_0088.fits,59485.80396,412.55,2.034947975
89,FRB20201124,FRB20201124_0089.fits,59485.80411,412.55,1.438018377
90,FRB20201124,FRB20201124_0090.fits,59485.80445,412.55,4.537095688
91,FRB20201124,FRB20201124_0091.fits,59485.80499,412.55,0.425552786
92,FRB20201124,FRB20201124_0092.fits,59485.80567,412.55,0.923936348
93,FRB20201124,FRB20201124_0093.fits,59485.80659,412.55,3.036246984
94,FRB20201124,FRB20201124_0094.fits,59485.80664,412.55,1.617182186
95,FRB20201124,FRB20201124_0095.fits,59485.80747,412.55,2.424395294
96,FRB20201124,FRB20201124_0096.fits,59485.80755,412.55,2.227403177
97,FRB20201124,FRB20201124_0097.fits,59485.80785,412.55,1.935885195
98,FRB20201124,FRB20201124_0098.fits,59485.80793,412.55,2.610296896
99,FRB20201124,FRB20201124_0099.fits,59485.80825,412.55,4.810424522
100,FRB20201124,FRB20201124_0100.fits,59485.80858,412.55,0.964748464
101,FRB20201124,FRB20201124_0101.fits,59485.80943,412.55,3.923180164
102,FRB20201124,FRB20201124_0102.fits,59485.8114,412.55,0.291798357
103,FRB20201124,FRB20201124_0103.fits,59485.81153,412.55,4.960436281
104,FRB20201124,FRB20201124_0104.fits,59485.81158,412.55,2.077224827
105,FRB20201124,FRB20201124_0105.fits,59485.81174,412.55,3.894184646
106,FRB20201124,FRB20201124_0106.fits,59485.81231,412.55,1.929756557
107,FRB20201124,FRB20201124_0107.fits,59485.81307,412.55,1.969674742
108,FRB20201124,FRB20201124_0108.fits,59485.8133,412.55,3.369235899
109,FRB20201124,FRB20201124_0109.fits,59485.81399,412.55,4.264298687
110,FRB20201124,FRB20201124_0110.fits,59485.81411,412.55,2.230934892
111,FRB20201124,FRB20201124_0111.fits,59485.8144,412.55,1.581403613
112,FRB20201124,FRB20201124_0112.fits,59485.81464,412.55,3.441908886
113,FRB20201124,FRB20201124_0113.fits,59485.81489,412.55,4.730629642
114,FRB20201124,FRB20201124_0114.fits,59485.81537,412.55,1.923278393
115,FRB20201124,FRB20201124_0115.fits,59485.81667,412.55,3.844277328
116,FRB20201124,FRB20201124_0116.fits,59485.81707,412.55,0.675083091
117,FRB20201124,FRB20201124_0117.fits,59485.81714,412.55,0.322760898
118,FRB20201124,FRB20201124_0118.fits,59485.81726,412.55,3.873705352
119,FRB20201124,FRB20201124_0119.fits,59485.81772,412.55,4.863713938
120,FRB20201124,FRB20201124_0120.fits,59485.81939,412.55,0.811821688
121,FRB20201124,FRB20201124_0121.fits,59485.81964,412.55,3.690076293
122,FRB20201124,FRB20201124_0122.fits,59485.82,412.55,2.113645873
123,FRB20201124,FRB20201124_0123.fits,59485.8208,412.55,0.520822336
124,FRB20201124,FRB20201124_0124.fits,59485.82171,412.55,1.380010997
125,FRB20201124,FRB20201124_0125.fits,59485.82275,412.55,1.850361493