fits_path,label,toa,dm,source
fast_frex/FRB20121102_0001.fits,FRB,3.092631209,567.3,FRB20121102
fast_frex/FRB20121102_0002.fits,FRB,3.30737934,565.1,FRB20121102
fast_frex/FRB20121102_0003.fits,FRB,1.073093782,565.8,FRB20121102
fast_frex/FRB20121102_0004.fits,FRB,4.121581069,567.6,FRB20121102
fast_frex/FRB20121102_0005.fits,FRB,1.266164426,565.8,FRB20121102
fast_frex/FRB20121102_0006.fits,FRB,4.191827495,564.1,FRB20121102
fast_frex/FRB20121102_0007.fits,FRB,3.023686702,568.1,FRB20121102
fast_frex/FRB20121102_0008.fits,FRB,3.537135688,568,FRB20121102
fast_frex/FRB20121102_0009.fits,FRB,4.454327328,564,FRB20121102
fast_frex/FRB20121102_0010.fits,FRB,1.240860298,567.1,FRB20121102
fast_frex/FRB20121102_0011.fits,FRB,0.601990172,562.3,FRB20121102
fast_frex/FRB20121102_0012.fits,FRB,0.27080609,565.9,FRB20121102
fast_frex/FRB20121102_0013.fits,FRB,2.062369999,566,FRB20121102
fast_frex/FRB20121102_0014.fits,FRB,2.001892682,564.5,FRB20121102
fast_frex/FRB20121102_0015.fits,FRB,3.298848658,566.1,FRB20121102
fast_frex/FRB20121102_0016.fits,FRB,4.304861859,564.5,FRB20121102
fast_frex/FRB20121102_0017.fits,FRB,0.431372761,559.7,FRB20121102
fast_frex/FRB20121102_0018.fits,FRB,3.315300867,568.5,FRB20121102
fast_frex/FRB20121102_0019.fits,FRB,4.421417252,566.7,FRB20121102
fast_frex/FRB20121102_0020.fits,FRB,2.962085372,568.5,FRB20121102
fast_frex/FRB20121102_0021.fits,FRB,2.324996819,566,FRB20121102
fast_frex/FRB20121102_0022.fits,FRB,3.536289535,566,FRB20121102
fast_frex/FRB20121102_0023.fits,FRB,1.726721297,566,FRB20121102
fast_frex/FRB20121102_0024.fits,FRB,3.374373796,566.3,FRB20121102
fast_frex/FRB20121102_0025.fits,FRB,2.073889249,563.2,FRB20121102
fast_frex/FRB20121102_0026.fits,FRB,1.395423431,567.6,FRB20121102
fast_frex/FRB20121102_0027.fits,FRB,4.03783517,566,FRB20121102
fast_frex/FRB20121102_0028.fits,FRB,0.881141494,569.4,FRB20121102
fast_frex/FRB20121102_0029.fits,FRB,0.598989031,569.4,FRB20121102
fast_frex/FRB20121102_0030.fits,FRB,3.996482422,566,FRB20121102
fast_frex/FRB20121102_0031.fits,FRB,3.029052797,566,FRB20121102
fast_frex/FRB20121102_0032.fits,FRB,4.568999307,565.7,FRB20121102
fast_frex/FRB20121102_0033.fits,FRB,1.033996604,554.5,FRB20121102
fast_frex/FRB20121102_0034.fits,FRB,0.075995992,567,FRB20121102
fast_frex/FRB20121102_0035.fits,FRB,1.183143351,569,FRB20121102
fast_frex/FRB20121102_0036.fits,FRB,1.601885422,570,FRB20121102
fast_frex/FRB20121102_0037.fits,FRB,4.23819304,565.9,FRB20121102
fast_frex/FRB20121102_0038.fits,FRB,2.396419435,564.6,FRB20121102
fast_frex/FRB20121102_0039.fits,FRB,0.310313771,566,FRB20121102
fast_frex/FRB20121102_0040.fits,FRB,1.633471576,566,FRB20121102
fast_frex/FRB20121102_0041.fits,FRB,2.810202143,567.9,FRB20121102
fast_frex/FRB20121102_0042.fits,FRB,2.157887234,566,FRB20121102
fast_frex/FRB20121102_0043.fits,FRB,0.848496077,563.7,FRB20121102
fast_frex/FRB20121102_0044.fits,FRB,2.791710617,566,FRB20121102
fast_frex/FRB20121102_0045.fits,FRB,2.119072317,563,FRB20121102
fast_frex/FRB20121102_0046.fits,FRB,0.838889158,570,FRB20121102
fast_frex/FRB20121102_0047.fits,FRB,3.388895444,564.6,FRB20121102
fast_frex/FRB20121102_0048.fits,FRB,4.175517987,568.9,FRB20121102
fast_frex/FRB20121102_0049.fits,FRB,0.613427698,566.3,FRB20121102
fast_frex/FRB20121102_0050.fits,FRB,2.614509431,550.6,FRB20121102
fast_frex/FRB20121102_0051.fits,FRB,3.443181259,564.5,FRB20121102
fast_frex/FRB20121102_0052.fits,FRB,1.490893518,566,FRB20121102
fast_frex/FRB20121102_0053.fits,FRB,0.727997837,565.6,FRB20121102
fast_frex/FRB20121102_0054.fits,FRB,0.583997788,566.2,FRB20121102
fast_frex/FRB20121102_0055.fits,FRB,0.07900279,567.9,FRB20121102
fast_frex/FRB20121102_0056.fits,FRB,4.203012306,568.5,FRB20121102
fast_frex/FRB20121102_0057.fits,FRB,3.051793948,566,FRB20121102
fast_frex/FRB20121102_0058.fits,FRB,3.317895904,566,FRB20121102
fast_frex/FRB20121102_0059.fits,FRB,4.440196068,566,FRB20121102
fast_frex/FRB20121102_0060.fits,FRB,0.980083575,569.4,FRB20121102
fast_frex/FRB20121102_0061.fits,FRB,0.204998511,568.5,FRB20121102
fast_frex/FRB20121102_0062.fits,FRB,1.160649885,566,FRB20121102
fast_frex/FRB20121102_0063.fits,FRB,0.03600237,565.7,FRB20121102
fast_frex/FRB20121102_0064.fits,FRB,0.655068993,566,FRB20121102
fast_frex/FRB20121102_0065.fits,FRB,2.852893271,566,FRB20121102
fast_frex/FRB20121102_0066.fits,FRB,2.912597987,566,FRB20121102
fast_frex/FRB20121102_0067.fits,FRB,1.920995791,563.2,FRB20121102
fast_frex/FRB20121102_0068.fits,FRB,0.865454343,564.5,FRB20121102
fast_frex/FRB20121102_0069.fits,FRB,1.972047868,565.8,FRB20121102
fast_frex/FRB20121102_0070.fits,FRB,0.5870027,567.6,FRB20121102
fast_frex/FRB20121102_0071.fits,FRB,1.813925989,566,FRB20121102
fast_frex/FRB20121102_0072.fits,FRB,1.797889941,565,FRB20121102
fast_frex/FRB20121102_0073.fits,FRB,0.377704273,567.2,FRB20121102
fast_frex/FRB20121102_0074.fits,FRB,0.289598107,567.2,FRB20121102
fast_frex/FRB20121102_0075.fits,FRB,2.860672097,563.8,FRB20121102
fast_frex/FRB20121102_0076.fits,FRB,2.865897375,566,FRB20121102
fast_frex/FRB20121102_0077.fits,FRB,3.339549503,561,FRB20121102
fast_frex/FRB20121102_0078.fits,FRB,1.320212614,562.8,FRB20121102
fast_frex/FRB20121102_0079.fits,FRB,2.691889065,566,FRB20121102
fast_frex/FRB20121102_0080.fits,FRB,0.219112169,564.5,FRB20121102
fast_frex/FRB20121102_0081.fits,FRB,1.185995503,569,FRB20121102
fast_frex/FRB20121102_0082.fits,FRB,0.107199932,567.6,FRB20121102
fast_frex/FRB20121102_0083.fits,FRB,1.60530461,566,FRB20121102
fast_frex/FRB20121102_0084.fits,FRB,2.685795003,552.4,FRB20121102
fast_frex/FRB20121102_0085.fits,FRB,1.453432697,566,FRB20121102
fast_frex/FRB20121102_0086.fits,FRB,0.924006128,565.5,FRB20121102
fast_frex/FRB20121102_0087.fits,FRB,2.552482509,565.5,FRB20121102
fast_frex/FRB20121102_0088.fits,FRB,1.213895925,566.7,FRB20121102
fast_frex/FRB20121102_0089.fits,FRB,3.655600268,565.6,FRB20121102
fast_frex/FRB20121102_0090.fits,FRB,2.227875916,566.1,FRB20121102
fast_frex/FRB20121102_0091.fits,FRB,2.300000098,562.6,FRB20121102
fast_frex/FRB20121102_0092.fits,FRB,2.105552726,566.6,FRB20121102
fast_frex/FRB20121102_0093.fits,FRB,0.121417316,569,FRB20121102
fast_frex/FRB20121102_0094.fits,FRB,3.497188585,565.1,FRB20121102
fast_frex/FRB20121102_0095.fits,FRB,0.432191882,563.7,FRB20121102
fast_frex/FRB20121102_0096.fits,FRB,0.484383688,558.9,FRB20121102
fast_frex/FRB20121102_0097.fits,FRB,3.257403499,566,FRB20121102
fast_frex/FRB20121102_0098.fits,FRB,2.581466711,570,FRB20121102
fast_frex/FRB20121102_0099.fits,FRB,4.16373848,566,FRB20121102
fast_frex/FRB20121102_0100.fits,FRB,3.483687853,567,FRB20121102
fast_frex/FRB20121102_0101.fits,FRB,2.286745794,564.3,FRB20121102
fast_frex/FRB20121102_0102.fits,FRB,3.297939012,567.2,FRB20121102
fast_frex/FRB20121102_0103.fits,FRB,4.615555331,566,FRB20121102
fast_frex/FRB20121102_0104.fits,FRB,4.404717986,568.3,FRB20121102
fast_frex/FRB20121102_0105.fits,FRB,0.521179405,569,FRB20121102
fast_frex/FRB20121102_0106.fits,FRB,2.341655851,568,FRB20121102
fast_frex/FRB20121102_0107.fits,FRB,0.293671084,564.6,FRB20121102
fast_frex/FRB20121102_0108.fits,FRB,1.931456407,564.7,FRB20121102
fast_frex/FRB20121102_0109.fits,FRB,4.480905714,563.1,FRB20121102
fast_frex/FRB20121102_0110.fits,FRB,1.211280143,565.4,FRB20121102
fast_frex/FRB20121102_0111.fits,FRB,0.147302309,565.1,FRB20121102
fast_frex/FRB20121102_0112.fits,FRB,0.50302546,566.6,FRB20121102
fast_frex/FRB20121102_0113.fits,FRB,2.511320869,563.5,FRB20121102
fast_frex/FRB20121102_0114.fits,FRB,3.726623696,563.8,FRB20121102
fast_frex/FRB20121102_0115.fits,FRB,1.622641948,568.4,FRB20121102
fast_frex/FRB20121102_0116.fits,FRB,3.018851182,561.5,FRB20121102
fast_frex/FRB20121102_0117.fits,FRB,2.934917319,569.4,FRB20121102
fast_frex/FRB20121102_0118.fits,FRB,3.099543764,569.5,FRB20121102
fast_frex/FRB20121102_0119.fits,FRB,3.073358908,564.9,FRB20121102
fast_frex/FRB20121102_0120.fits,FRB,3.43821561,568.1,FRB20121102
fast_frex/FRB20121102_0121.fits,FRB,1.223838539,567,FRB20121102
fast_frex/FRB20121102_0122.fits,FRB,2.272080816,569.5,FRB20121102
fast_frex/FRB20121102_0123.fits,FRB,1.658508531,568.1,FRB20121102
fast_frex/FRB20121102_0124.fits,FRB,1.067320956,568.9,FRB20121102
fast_frex/FRB20121102_0125.fits,FRB,0.560771325,566.9,FRB20121102
fast_frex/FRB20121102_0126.fits,FRB,0.653965096,566.2,FRB20121102
fast_frex/FRB20121102_0127.fits,FRB,1.587731531,567,FRB20121102
fast_frex/FRB20121102_0128.fits,FRB,4.141932749,563.6,FRB20121102
fast_frex/FRB20121102_0129.fits,FRB,1.950536971,566.9,FRB20121102
fast_frex/FRB20121102_0130.fits,FRB,1.130607678,562.8,FRB20121102
fast_frex/FRB20121102_0131.fits,FRB,2.236686973,566,FRB20121102
fast_frex/FRB20121102_0132.fits,FRB,2.18156192,566,FRB20121102
fast_frex/FRB20121102_0133.fits,FRB,0.708675245,566,FRB20121102
fast_frex/FRB20121102_0134.fits,FRB,2.388563287,563.7,FRB20121102
fast_frex/FRB20121102_0135.fits,FRB,1.68778568,569.4,FRB20121102
fast_frex/FRB20121102_0136.fits,FRB,1.017576456,565.9,FRB20121102
fast_frex/FRB20121102_0137.fits,FRB,0.067168591,566.7,FRB20121102
fast_frex/FRB20121102_0138.fits,FRB,0.684766704,564.1,FRB20121102
fast_frex/FRB20121102_0139.fits,FRB,2.980132448,566,FRB20121102
fast_frex/FRB20121102_0140.fits,FRB,2.557188529,567.2,FRB20121102
fast_frex/FRB20121102_0141.fits,FRB,3.813142539,568.4,FRB20121102
fast_frex/FRB20121102_0142.fits,FRB,0.533273234,565.4,FRB20121102
fast_frex/FRB20121102_0143.fits,FRB,0.090266182,565.4,FRB20121102
fast_frex/FRB20121102_0144.fits,FRB,3.924652445,566,FRB20121102
fast_frex/FRB20121102_0145.fits,FRB,3.188575921,567.6,FRB20121102
fast_frex/FRB20121102_0146.fits,FRB,3.021921474,566,FRB20121102
fast_frex/FRB20121102_0147.fits,FRB,4.021127732,566,FRB20121102
fast_frex/FRB20121102_0148.fits,FRB,0.346421753,566,FRB20121102
fast_frex/FRB20121102_0149.fits,FRB,1.099344017,566,FRB20121102
fast_frex/FRB20121102_0150.fits,FRB,1.282886323,566,FRB20121102
fast_frex/FRB20121102_0151.fits,FRB,2.60858133,565,FRB20121102
fast_frex/FRB20121102_0152.fits,FRB,0.87936495,567.2,FRB20121102
fast_frex/FRB20121102_0153.fits,FRB,4.21072701,567.3,FRB20121102
fast_frex/FRB20121102_0154.fits,FRB,1.432302129,566,FRB20121102
fast_frex/FRB20121102_0155.fits,FRB,4.159556748,567.2,FRB20121102
fast_frex/FRB20121102_0156.fits,FRB,0.967953913,559.7,FRB20121102
fast_frex/FRB20121102_0157.fits,FRB,0.642246567,565.4,FRB20121102
fast_frex/FRB20121102_0158.fits,FRB,0.417424436,564.5,FRB20121102
fast_frex/FRB20121102_0159.fits,FRB,4.326781374,565.9,FRB20121102
fast_frex/FRB20121102_0160.fits,FRB,3.66701202,566.1,FRB20121102
fast_frex/FRB20121102_0161.fits,FRB,0.051092939,567.9,FRB20121102
fast_frex/FRB20121102_0162.fits,FRB,3.324895212,565.5,FRB20121102
fast_frex/FRB20121102_0163.fits,FRB,2.931374288,562.6,FRB20121102
fast_frex/FRB20121102_0164.fits,FRB,0.449192268,564.2,FRB20121102
fast_frex/FRB20121102_0165.fits,FRB,3.230410838,566,FRB20121102
fast_frex/FRB20121102_0166.fits,FRB,0.059731118,565.6,FRB20121102
fast_frex/FRB20121102_0167.fits,FRB,3.149255575,564.4,FRB20121102
fast_frex/FRB20121102_0168.fits,FRB,4.495025659,568.4,FRB20121102
fast_frex/FRB20121102_0169.fits,FRB,0.979065802,566.7,FRB20121102
fast_frex/FRB20121102_0170.fits,FRB,0.434355042,563.9,FRB20121102
fast_frex/FRB20121102_0171.fits,FRB,0.625695661,566.1,FRB20121102
fast_frex/FRB20121102_0172.fits,FRB,2.620636183,562.8,FRB20121102
fast_frex/FRB20121102_0173.fits,FRB,3.527501738,562.6,FRB20121102
fast_frex/FRB20121102_0174.fits,FRB,3.072592593,567.6,FRB20121102
fast_frex/FRB20121102_0175.fits,FRB,2.161032334,567.4,FRB20121102
fast_frex/FRB20121102_0176.fits,FRB,4.042789503,566.5,FRB20121102
fast_frex/FRB20121102_0177.fits,FRB,2.059617802,568.3,FRB20121102
fast_frex/FRB20121102_0178.fits,FRB,4.630334722,563,FRB20121102
fast_frex/FRB20121102_0179.fits,FRB,3.209927143,565,FRB20121102
fast_frex/FRB20121102_0180.fits,FRB,2.44876463,569.5,FRB20121102
fast_frex/FRB20121102_0181.fits,FRB,0.955746928,566.5,FRB20121102
fast_frex/FRB20121102_0182.fits,FRB,4.441112629,564.3,FRB20121102
fast_frex/FRB20121102_0183.fits,FRB,1.664609509,567.2,FRB20121102
fast_frex/FRB20121102_0184.fits,FRB,0.631703599,566.7,FRB20121102
fast_frex/FRB20121102_0185.fits,FRB,3.071589908,566.7,FRB20121102
fast_frex/FRB20121102_0186.fits,FRB,1.676093554,567.7,FRB20121102
fast_frex/FRB20121102_0187.fits,FRB,0.944222021,569.8,FRB20121102
fast_frex/FRB20121102_0188.fits,FRB,3.848625021,563.6,FRB20121102
fast_frex/FRB20121102_0189.fits,FRB,0.379929668,563.5,FRB20121102
fast_frex/FRB20121102_0190.fits,FRB,3.962584119,566,FRB20121102
fast_frex/FRB20121102_0191.fits,FRB,1.936538354,559.7,FRB20121102
fast_frex/FRB20121102_0192.fits,FRB,0.253899372,565.8,FRB20121102
fast_frex/FRB20121102_0193.fits,FRB,1.100115362,565.8,FRB20121102
fast_frex/FRB20121102_0194.fits,FRB,1.559606055,567.1,FRB20121102
fast_frex/FRB20121102_0195.fits,FRB,1.033504377,565.1,FRB20121102
fast_frex/FRB20121102_0196.fits,FRB,4.243857111,568.5,FRB20121102
fast_frex/FRB20121102_0197.fits,FRB,4.416215234,564.8,FRB20121102
fast_frex/FRB20121102_0198.fits,FRB,2.525091288,564.9,FRB20121102
fast_frex/FRB20121102_0199.fits,FRB,2.596356743,563.8,FRB20121102
fast_frex/FRB20121102_0200.fits,FRB,0.743219792,566.1,FRB20121102
fast_frex/FRB20121102_0201.fits,FRB,0.526998751,565.5,FRB20121102
fast_frex/FRB20121102_0202.fits,FRB,0.17425851,566.4,FRB20121102
fast_frex/FRB20121102_0203.fits,FRB,3.551893705,567.9,FRB20121102
fast_frex/FRB20121102_0204.fits,FRB,1.08399759,565.2,FRB20121102
fast_frex/FRB20121102_0205.fits,FRB,1.700158627,565.5,FRB20121102
fast_frex/FRB20121102_0206.fits,FRB,3.880925942,566.4,FRB20121102
fast_frex/FRB20121102_0207.fits,FRB,3.207540186,566.8,FRB20121102
fast_frex/FRB20121102_0208.fits,FRB,0.534209912,569.3,FRB20121102
fast_frex/FRB20121102_0209.fits,FRB,0.10974342,568.3,FRB20121102
fast_frex/FRB20121102_0210.fits,FRB,1.565098506,566.7,FRB20121102
fast_frex/FRB20121102_0211.fits,FRB,0.142820715,565.7,FRB20121102
fast_frex/FRB20121102_0212.fits,FRB,4.204475158,566.1,FRB20121102
fast_frex/FRB20121102_0213.fits,FRB,0.932870619,565.6,FRB20121102
fast_frex/FRB20121102_0214.fits,FRB,1.068983716,564.5,FRB20121102
fast_frex/FRB20121102_0215.fits,FRB,3.324832348,562.8,FRB20121102
fast_frex/FRB20121102_0216.fits,FRB,0.727329589,566.5,FRB20121102
fast_frex/FRB20121102_0217.fits,FRB,1.47582558,566.6,FRB20121102
fast_frex/FRB20121102_0218.fits,FRB,1.959414664,564.1,FRB20121102
fast_frex/FRB20121102_0219.fits,FRB,3.365907236,566,FRB20121102
fast_frex/FRB20121102_0220.fits,FRB,2.700979239,566,FRB20121102
fast_frex/FRB20121102_0221.fits,FRB,0.687153032,566,FRB20121102
fast_frex/FRB20121102_0222.fits,FRB,1.590943267,566.3,FRB20121102
fast_frex/FRB20121102_0223.fits,FRB,0.535747572,567.7,FRB20121102
fast_frex/FRB20121102_0224.fits,FRB,0.916197756,566.4,FRB20121102
fast_frex/FRB20121102_0225.fits,FRB,1.896592509,566.7,FRB20121102
fast_frex/FRB20121102_0226.fits,FRB,2.763336198,566,FRB20121102
fast_frex/FRB20121102_0227.fits,FRB,4.402764165,569,FRB20121102
fast_frex/FRB20121102_0228.fits,FRB,1.392104197,566.2,FRB20121102
fast_frex/FRB20121102_0229.fits,FRB,2.718755999,568.2,FRB20121102
fast_frex/FRB20121102_0230.fits,FRB,4.397405614,563.4,FRB20121102
fast_frex/FRB20121102_0231.fits,FRB,2.99398019,567.2,FRB20121102
fast_frex/FRB20121102_0232.fits,FRB,4.4542016,566.9,FRB20121102
fast_frex/FRB20121102_0233.fits,FRB,1.931147114,566.2,FRB20121102
fast_frex/FRB20121102_0234.fits,FRB,3.939460753,564.9,FRB20121102
fast_frex/FRB20121102_0235.fits,FRB,2.479749802,565.3,FRB20121102
fast_frex/FRB20121102_0236.fits,FRB,1.206418849,567.5,FRB20121102
fast_frex/FRB20121102_0237.fits,FRB,4.246357852,566,FRB20121102
fast_frex/FRB20121102_0238.fits,FRB,2.471579961,565.3,FRB20121102
fast_frex/FRB20121102_0239.fits,FRB,1.861203066,565,FRB20121102
fast_frex/FRB20121102_0240.fits,FRB,4.169872147,568.7,FRB20121102
fast_frex/FRB20121102_0241.fits,FRB,2.781108557,567,FRB20121102
fast_frex/FRB20121102_0242.fits,FRB,2.830991358,567,FRB20121102
fast_frex/FRB20121102_0243.fits,FRB,2.696024906,568,FRB20121102
fast_frex/FRB20121102_0244.fits,FRB,2.536079963,565.5,FRB20121102
fast_frex/FRB20121102_0245.fits,FRB,1.251623919,568.2,FRB20121102
fast_frex/FRB20121102_0246.fits,FRB,1.286368375,567.2,FRB20121102
fast_frex/FRB20121102_0247.fits,FRB,3.295821114,565.4,FRB20121102
fast_frex/FRB20121102_0248.fits,FRB,2.899830882,565.9,FRB20121102
fast_frex/FRB20121102_0249.fits,FRB,2.983647189,562.9,FRB20121102
fast_frex/FRB20121102_0250.fits,FRB,1.631276356,567.8,FRB20121102
fast_frex/FRB20121102_0251.fits,FRB,0.793628138,566.5,FRB20121102
fast_frex/FRB20121102_0252.fits,FRB,2.294725156,566.7,FRB20121102
fast_frex/FRB20121102_0253.fits,FRB,1.113333204,563.6,FRB20121102
fast_frex/FRB20121102_0254.fits,FRB,1.720256335,566.3,FRB20121102
fast_frex/FRB20121102_0255.fits,FRB,4.520582501,567.2,FRB20121102
fast_frex/FRB20121102_0256.fits,FRB,0.712201302,564.7,FRB20121102
fast_frex/FRB20121102_0257.fits,FRB,1.771730231,565.3,FRB20121102
fast_frex/FRB20121102_0258.fits,FRB,4.159975424,566,FRB20121102
fast_frex/FRB20121102_0259.fits,FRB,3.080488346,564.9,FRB20121102
fast_frex/FRB20121102_0260.fits,FRB,4.250877164,570,FRB20121102
fast_frex/FRB20121102_0261.fits,FRB,3.141501895,565,FRB20121102
fast_frex/FRB20121102_0262.fits,FRB,0.877441303,565.4,FRB20121102
fast_frex/FRB20121102_0263.fits,FRB,1.083375863,565.4,FRB20121102
fast_frex/FRB20121102_0264.fits,FRB,2.830698411,565.8,FRB20121102
fast_frex/FRB20121102_0265.fits,FRB,2.645551809,565.6,FRB20121102
fast_frex/FRB20121102_0266.fits,FRB,2.037314186,564.8,FRB20121102
fast_frex/FRB20121102_0267.fits,FRB,0.594511209,566.7,FRB20121102
fast_frex/FRB20121102_0268.fits,FRB,3.360104235,566,FRB20121102
fast_frex/FRB20121102_0269.fits,FRB,2.403953718,565.3,FRB20121102
fast_frex/FRB20121102_0270.fits,FRB,1.750149555,567.2,FRB20121102
fast_frex/FRB20121102_0271.fits,FRB,3.843371454,564.9,FRB20121102
fast_frex/FRB20121102_0272.fits,FRB,2.910996205,566.3,FRB20121102
fast_frex/FRB20121102_0273.fits,FRB,3.189256112,569.4,FRB20121102
fast_frex/FRB20121102_0274.fits,FRB,4.11847746,566.2,FRB20121102
fast_frex/FRB20121102_0275.fits,FRB,0.555043761,566,FRB20121102
fast_frex/FRB20121102_0276.fits,FRB,1.32488783,563.7,FRB20121102
fast_frex/FRB20121102_0277.fits,FRB,2.837726008,566,FRB20121102
fast_frex/FRB20121102_0278.fits,FRB,1.93183925,564.5,FRB20121102
fast_frex/FRB20121102_0279.fits,FRB,1.907117874,566,FRB20121102
fast_frex/FRB20121102_0280.fits,FRB,0.834244117,568.5,FRB20121102
fast_frex/FRB20121102_0281.fits,FRB,1.854751934,565.4,FRB20121102
fast_frex/FRB20121102_0282.fits,FRB,3.175735264,566,FRB20121102
fast_frex/FRB20121102_0283.fits,FRB,2.597051393,565.4,FRB20121102
fast_frex/FRB20121102_0284.fits,FRB,2.573212632,567.6,FRB20121102
fast_frex/FRB20121102_0285.fits,FRB,1.286914037,566,FRB20121102
fast_frex/FRB20121102_0286.fits,FRB,2.19852333,567.9,FRB20121102
fast_frex/FRB20121102_0287.fits,FRB,0.381753989,566.9,FRB20121102
fast_frex/FRB20121102_0288.fits,FRB,4.227071721,567.8,FRB20121102
fast_frex/FRB20121102_0289.fits,FRB,4.60215644,566.7,FRB20121102
fast_frex/FRB20121102_0290.fits,FRB,2.73659688,565.4,FRB20121102
fast_frex/FRB20121102_0291.fits,FRB,3.019000171,565,FRB20121102
fast_frex/FRB20121102_0292.fits,FRB,3.333904292,563.6,FRB20121102
fast_frex/FRB20121102_0293.fits,FRB,1.559225726,566,FRB20121102
fast_frex/FRB20121102_0294.fits,FRB,3.271310963,567.9,FRB20121102
fast_frex/FRB20121102_0295.fits,FRB,2.955907071,567.1,FRB20121102
fast_frex/FRB20121102_0296.fits,FRB,2.324373834,566.9,FRB20121102
fast_frex/FRB20121102_0297.fits,FRB,2.092141262,565.9,FRB20121102
fast_frex/FRB20121102_0298.fits,FRB,4.312405572,566,FRB20121102
fast_frex/FRB20121102_0299.fits,FRB,0.238865381,568.5,FRB20121102
fast_frex/FRB20121102_0300.fits,FRB,2.462508646,568.5,FRB20121102
fast_frex/FRB20121102_0301.fits,FRB,1.477103611,563.7,FRB20121102
fast_frex/FRB20121102_0302.fits,FRB,1.086273906,564.3,FRB20121102
fast_frex/FRB20121102_0303.fits,FRB,3.643895569,562.3,FRB20121102
fast_frex/FRB20121102_0304.fits,FRB,0.120724551,564.6,FRB20121102
fast_frex/FRB20121102_0305.fits,FRB,1.02077499,566.2,FRB20121102
fast_frex/FRB20121102_0306.fits,FRB,4.165463476,566.3,FRB20121102
fast_frex/FRB20121102_0307.fits,FRB,3.670658148,563.3,FRB20121102
fast_frex/FRB20121102_0308.fits,FRB,0.804223912,566.3,FRB20121102
fast_frex/FRB20121102_0309.fits,FRB,0.61164361,569.8,FRB20121102
fast_frex/FRB20121102_0310.fits,FRB,4.465119238,568.8,FRB20121102
fast_frex/FRB20121102_0311.fits,FRB,0.105182617,566,FRB20121102
fast_frex/FRB20121102_0312.fits,FRB,2.888561203,568.9,FRB20121102
fast_frex/FRB20121102_0313.fits,FRB,0.942143728,566,FRB20121102
fast_frex/FRB20121102_0314.fits,FRB,4.376715096,565.3,FRB20121102
fast_frex/FRB20121102_0315.fits,FRB,1.333133108,566.2,FRB20121102
fast_frex/FRB20121102_0316.fits,FRB,2.753954963,566,FRB20121102
fast_frex/FRB20121102_0317.fits,FRB,4.419132764,565.3,FRB20121102
fast_frex/FRB20121102_0318.fits,FRB,1.337659964,566,FRB20121102
fast_frex/FRB20121102_0319.fits,FRB,0.65247647,567.2,FRB20121102
fast_frex/FRB20121102_0320.fits,FRB,0.40225843,566,FRB20121102
fast_frex/FRB20121102_0321.fits,FRB,3.267539106,561.5,FRB20121102
fast_frex/FRB20121102_0322.fits,FRB,4.430653271,564.4,FRB20121102
fast_frex/FRB20121102_0323.fits,FRB,3.860556032,564.4,FRB20121102
fast_frex/FRB20121102_0324.fits,FRB,1.066369819,564.5,FRB20121102
fast_frex/FRB20121102_0325.fits,FRB,2.2206767,566.1,FRB20121102
fast_frex/FRB20121102_0326.fits,FRB,4.106862028,565.1,FRB20121102
fast_frex/FRB20121102_0327.fits,FRB,0.487568392,564.2,FRB20121102
fast_frex/FRB20121102_0328.fits,FRB,1.748446561,567.4,FRB20121102
fast_frex/FRB20121102_0329.fits,FRB,0.661496865,555.4,FRB20121102
fast_frex/FRB20121102_0330.fits,FRB,2.017388726,561.5,FRB20121102
fast_frex/FRB20121102_0331.fits,FRB,2.170680114,565.1,FRB20121102
fast_frex/FRB20121102_0332.fits,FRB,4.59540356,563.7,FRB20121102
fast_frex/FRB20121102_0333.fits,FRB,2.171551413,566.6,FRB20121102
fast_frex/FRB20121102_0334.fits,FRB,2.557817171,567.3,FRB20121102
fast_frex/FRB20121102_0335.fits,FRB,1.090887515,566.5,FRB20121102
fast_frex/FRB20121102_0336.fits,FRB,4.461703822,567.4,FRB20121102
fast_frex/FRB20121102_0337.fits,FRB,1.562878769,565.9,FRB20121102
fast_frex/FRB20121102_0338.fits,FRB,2.18060324,565.7,FRB20121102
fast_frex/FRB20121102_0339.fits,FRB,2.12517078,566.4,FRB20121102
fast_frex/FRB20121102_0340.fits,FRB,0.296909851,568,FRB20121102
fast_frex/FRB20121102_0341.fits,FRB,0.562773552,565.2,FRB20121102
fast_frex/FRB20121102_0342.fits,FRB,4.459233256,564.3,FRB20121102
fast_frex/FRB20121102_0343.fits,FRB,1.877630758,564.4,FRB20121102
fast_frex/FRB20121102_0344.fits,FRB,0.745633151,564.3,FRB20121102
fast_frex/FRB20121102_0345.fits,FRB,0.00972196,563.4,FRB20121102
fast_frex/FRB20121102_0346.fits,FRB,1.266987948,567.4,FRB20121102
fast_frex/FRB20121102_0347.fits,FRB,1.061401656,567.1,FRB20121102
fast_frex/FRB20121102_0348.fits,FRB,3.6089028,567.9,FRB20121102
fast_frex/FRB20121102_0349.fits,FRB,0.617237273,564.7,FRB20121102
fast_frex/FRB20121102_0350.fits,FRB,3.686403763,569.3,FRB20121102
fast_frex/FRB20121102_0351.fits,FRB,1.658759359,567.7,FRB20121102
fast_frex/FRB20121102_0352.fits,FRB,1.177190104,567.8,FRB20121102
fast_frex/FRB20121102_0353.fits,FRB,0.966899679,567.1,FRB20121102
fast_frex/FRB20121102_0354.fits,FRB,2.315823664,562.9,FRB20121102
fast_frex/FRB20121102_0355.fits,FRB,3.92356175,568,FRB20121102
fast_frex/FRB20121102_0356.fits,FRB,0.934151793,568.1,FRB20121102
fast_frex/FRB20121102_0357.fits,FRB,0.581469387,567.6,FRB20121102
fast_frex/FRB20121102_0358.fits,FRB,1.30909821,565.1,FRB20121102
fast_frex/FRB20121102_0359.fits,FRB,0.489250012,566,FRB20121102
fast_frex/FRB20121102_0360.fits,FRB,1.233659824,569.2,FRB20121102
fast_frex/FRB20121102_0361.fits,FRB,3.529641638,566.7,FRB20121102
fast_frex/FRB20121102_0362.fits,FRB,4.286015779,568.1,FRB20121102
fast_frex/FRB20121102_0363.fits,FRB,2.378366701,566.5,FRB20121102
fast_frex/FRB20121102_0364.fits,FRB,1.668962231,564.9,FRB20121102
fast_frex/FRB20121102_0365.fits,FRB,1.643702108,566.7,FRB20121102
fast_frex/FRB20121102_0366.fits,FRB,0.610532798,566.4,FRB20121102
fast_frex/FRB20121102_0367.fits,FRB,1.662022015,561.9,FRB20121102
fast_frex/FRB20121102_0368.fits,FRB,4.113971977,565.7,FRB20121102
fast_frex/FRB20121102_0369.fits,FRB,2.411506861,565.2,FRB20121102
fast_frex/FRB20121102_0370.fits,FRB,1.121323253,568.1,FRB20121102
fast_frex/FRB20121102_0371.fits,FRB,0.401165849,568.5,FRB20121102
fast_frex/FRB20121102_0372.fits,FRB,1.063552871,566.3,FRB20121102
fast_frex/FRB20121102_0373.fits,FRB,3.839365114,564.7,FRB20121102
fast_frex/FRB20121102_0374.fits,FRB,4.620734719,569.2,FRB20121102
fast_frex/FRB20121102_0375.fits,FRB,2.907208004,566.2,FRB20121102
fast_frex/FRB20121102_0376.fits,FRB,0.502704852,564.4,FRB20121102
fast_frex/FRB20121102_0377.fits,FRB,0.277603604,566,FRB20121102
fast_frex/FRB20121102_0378.fits,FRB,1.173930592,566,FRB20121102
fast_frex/FRB20121102_0379.fits,FRB,2.147581894,566,FRB20121102
fast_frex/FRB20121102_0380.fits,FRB,1.658088597,566.7,FRB20121102
fast_frex/FRB20121102_0381.fits,FRB,0.568255316,565.1,FRB20121102
fast_frex/FRB20121102_0382.fits,FRB,1.450297027,566.4,FRB20121102
fast_frex/FRB20121102_0383.fits,FRB,4.416850791,566.2,FRB20121102
fast_frex/FRB20121102_0384.fits,FRB,1.993113686,566,FRB20121102
fast_frex/FRB20121102_0385.fits,FRB,2.748908219,566,FRB20121102
fast_frex/FRB20121102_0386.fits,FRB,0.78991726,565.1,FRB20121102
fast_frex/FRB20121102_0387.fits,FRB,4.579131142,565.7,FRB20121102
fast_frex/FRB20121102_0388.fits,FRB,0.998016866,564.1,FRB20121102
fast_frex/FRB20121102_0389.fits,FRB,0.469319522,566.1,FRB20121102
fast_frex/FRB20121102_0390.fits,FRB,1.796083851,567.2,FRB20121102
fast_frex/FRB20121102_0391.fits,FRB,1.546424045,566.1,FRB20121102
fast_frex/FRB20121102_0392.fits,FRB,3.901618347,567.4,FRB20121102
fast_frex/FRB20121102_0393.fits,FRB,2.015365125,567.3,FRB20121102
fast_frex/FRB20121102_0394.fits,FRB,1.576300291,567.3,FRB20121102
fast_frex/FRB20121102_0395.fits,FRB,0.988317537,564.4,FRB20121102
fast_frex/FRB20121102_0396.fits,FRB,0.489952834,567.3,FRB20121102
fast_frex/FRB20121102_0397.fits,FRB,2.895520278,565.9,FRB20121102
fast_frex/FRB20121102_0398.fits,FRB,0.204084464,566.7,FRB20121102
fast_frex/FRB20121102_0399.fits,FRB,3.909668117,565.8,FRB20121102
fast_frex/FRB20121102_0400.fits,FRB,3.716347273,566.7,FRB20121102
fast_frex/FRB20121102_0401.fits,FRB,0.89471892,566.4,FRB20121102
fast_frex/FRB20121102_0402.fits,FRB,2.511252975,566,FRB20121102
fast_frex/FRB20121102_0403.fits,FRB,2.764715441,567,FRB20121102
fast_frex/FRB20121102_0404.fits,FRB,1.323848055,566.1,FRB20121102
fast_frex/FRB20121102_0405.fits,FRB,4.092231626,566.1,FRB20121102
fast_frex/FRB20121102_0406.fits,FRB,3.154311748,565.8,FRB20121102
fast_frex/FRB20121102_0407.fits,FRB,3.743009269,564.9,FRB20121102
fast_frex/FRB20121102_0408.fits,FRB,0.06214825,561.2,FRB20121102
fast_frex/FRB20121102_0409.fits,FRB,1.183475903,567.9,FRB20121102
fast_frex/FRB20121102_0410.fits,FRB,3.600684553,565.5,FRB20121102
fast_frex/FRB20121102_0411.fits,FRB,2.022952843,566.9,FRB20121102
fast_frex/FRB20121102_0412.fits,FRB,4.286142765,564.6,FRB20121102
fast_frex/FRB20121102_0413.fits,FRB,0.917188497,568,FRB20121102
fast_frex/FRB20121102_0414.fits,FRB,1.055146661,564.9,FRB20121102
fast_frex/FRB20121102_0415.fits,FRB,4.53687252,565.4,FRB20121102
fast_frex/FRB20121102_0416.fits,FRB,4.126567463,565.2,FRB20121102
fast_frex/FRB20121102_0417.fits,FRB,1.181681757,568,FRB20121102
fast_frex/FRB20121102_0418.fits,FRB,0.285413861,567,FRB20121102
fast_frex/FRB20121102_0419.fits,FRB,2.742829244,564.8,FRB20121102
fast_frex/FRB20121102_0420.fits,FRB,1.582048601,564.7,FRB20121102
fast_frex/FRB20121102_0421.fits,FRB,3.495561029,567.2,FRB20121102
fast_frex/FRB20121102_0422.fits,FRB,4.197091749,567.4,FRB20121102
fast_frex/FRB20121102_0423.fits,FRB,2.147437935,566.1,FRB20121102
fast_frex/FRB20121102_0424.fits,FRB,2.768079308,565.7,FRB20121102
fast_frex/FRB20121102_0425.fits,FRB,0.391673343,566.6,FRB20121102
fast_frex/FRB20121102_0426.fits,FRB,1.984775998,567.6,FRB20121102
fast_frex/FRB20121102_0427.fits,FRB,2.982555865,567.6,FRB20121102
fast_frex/FRB20121102_0428.fits,FRB,4.347900627,566.2,FRB20121102
fast_frex/FRB20121102_0429.fits,FRB,0.315385032,566,FRB20121102
fast_frex/FRB20121102_0430.fits,FRB,3.112373105,566.2,FRB20121102
fast_frex/FRB20121102_0431.fits,FRB,2.700004214,569,FRB20121102
fast_frex/FRB20121102_0432.fits,FRB,2.568680746,565.3,FRB20121102
fast_frex/FRB20121102_0433.fits,FRB,4.4173053,568,FRB20121102
fast_frex/FRB20121102_0434.fits,FRB,2.474809927,567.5,FRB20121102
fast_frex/FRB20121102_0435.fits,FRB,2.065068763,564.2,FRB20121102
fast_frex/FRB20121102_0436.fits,FRB,2.805950632,565.2,FRB20121102
fast_frex/FRB20121102_0437.fits,FRB,0.233902247,567.1,FRB20121102
fast_frex/FRB20121102_0438.fits,FRB,4.289854271,564.8,FRB20121102
fast_frex/FRB20121102_0439.fits,FRB,3.606744041,570,FRB20121102
fast_frex/FRB20121102_0440.fits,FRB,0.617509475,566.4,FRB20121102
fast_frex/FRB20121102_0441.fits,FRB,1.918705017,564.3,FRB20121102
fast_frex/FRB20121102_0442.fits,FRB,4.139294964,567.5,FRB20121102
fast_frex/FRB20121102_0443.fits,FRB,4.507181095,570,FRB20121102
fast_frex/FRB20121102_0444.fits,FRB,3.003214323,566.2,FRB20121102
fast_frex/FRB20121102_0445.fits,FRB,2.586198505,566.5,FRB20121102
fast_frex/FRB20121102_0446.fits,FRB,2.87085108,568.9,FRB20121102
fast_frex/FRB20121102_0447.fits,FRB,0.642448361,566,FRB20121102
fast_frex/FRB20121102_0448.fits,FRB,3.569552908,564.8,FRB20121102
fast_frex/FRB20121102_0449.fits,FRB,2.131951321,565.8,FRB20121102
fast_frex/FRB20121102_0450.fits,FRB,0.656558247,564.4,FRB20121102
fast_frex/FRB20121102_0451.fits,FRB,1.678085723,565.4,FRB20121102
fast_frex/FRB20121102_0452.fits,FRB,1.642285776,564.7,FRB20121102
fast_frex/FRB20121102_0453.fits,FRB,2.100783843,565.1,FRB20121102
fast_frex/FRB20121102_0454.fits,FRB,3.359095892,567.4,FRB20121102
fast_frex/FRB20121102_0455.fits,FRB,0.873441249,566.3,FRB20121102
fast_frex/FRB20121102_0456.fits,FRB,2.570858365,565.1,FRB20121102
fast_frex/FRB20121102_0457.fits,FRB,3.29165007,564.6,FRB20121102
fast_frex/FRB20121102_0458.fits,FRB,1.659074938,569.8,FRB20121102
fast_frex/FRB20121102_0459.fits,FRB,0.917274621,569.2,FRB20121102
fast_frex/FRB20121102_0460.fits,FRB,2.834000671,568,FRB20121102
fast_frex/FRB20121102_0461.fits,FRB,4.010810447,563.6,FRB20121102
fast_frex/FRB20121102_0462.fits,FRB,2.967743785,566,FRB20121102
fast_frex/FRB20121102_0463.fits,FRB,3.883802611,567.4,FRB20121102
fast_frex/FRB20121102_0464.fits,FRB,1.219190983,564.4,FRB20121102
fast_frex/FRB20121102_0465.fits,FRB,0.535939937,564.4,FRB20121102
fast_frex/FRB20121102_0466.fits,FRB,2.993496764,565.4,FRB20121102
fast_frex/FRB20121102_0467.fits,FRB,2.303186059,564.7,FRB20121102
fast_frex/FRB20121102_0468.fits,FRB,0.812416384,565.6,FRB20121102
fast_frex/FRB20121102_0469.fits,FRB,3.550174995,567.6,FRB20121102
fast_frex/FRB20121102_0470.fits,FRB,0.144397351,566,FRB20121102
fast_frex/FRB20180301_0001.fits,FRB,3.327491507,517.8,FRB20180301
fast_frex/FRB20180301_0002.fits,FRB,2.495244588,517.81,FRB20180301
fast_frex/FRB20180301_0003.fits,FRB,2.234939346,518,FRB20180301
fast_frex/FRB20180301_0004.fits,FRB,1.108576893,517.83,FRB20180301
fast_frex/FRB20180301_0005.fits,FRB,4.017984518,517.9,FRB20180301
fast_frex/FRB20201124_0001.fits,FRB,2.700315393,412.97,FRB20201124
fast_frex/FRB20201124_0002.fits,FRB,3.722441965,412.97,FRB20201124
fast_frex/FRB20201124_0003.fits,FRB,3.589289775,412.97,FRB20201124
fast_frex/FRB20201124_0004.fits,FRB,2.092881175,412.97,FRB20201124
fast_frex/FRB20201124_0005.fits,FRB,0.835693139,412.97,FRB20201124
fast_frex/FRB20201124_0006.fits,FRB,0.488043018,412.97,FRB20201124
fast_frex/FRB20201124_0007.fits,FRB,3.034828766,412.97,FRB20201124
fast_frex/FRB20201124_0008.fits,FRB,4.739588429,412.97,FRB20201124
fast_frex/FRB20201124_0009.fits,FRB,4.724973743,412.97,FRB20201124
fast_frex/FRB20201124_0010.fits,FRB,2.396802907,412.18,FRB20201124
fast_frex/FRB20201124_0011.fits,FRB,0.503937621,412.18,FRB20201124
fast_frex/FRB20201124_0012.fits,FRB,4.480103566,412.18,FRB20201124
fast_frex/FRB20201124_0013.fits,FRB,0.442252052,412.18,FRB20201124
fast_frex/FRB20201124_0014.fits,FRB,2.731828624,412.18,FRB20201124
fast_frex/FRB20201124_0015.fits,FRB,0.061227917,412.18,FRB20201124
fast_frex/FRB20201124_0016.fits,FRB,2.838139655,412.18,FRB20201124
fast_frex/FRB20201124_0017.fits,FRB,3.906414891,412.18,FRB20201124
fast_frex/FRB20201124_0018.fits,FRB,1.994827366,411.51,FRB20201124
fast_frex/FRB20201124_0019.fits,FRB,4.149206774,411.51,FRB20201124
fast_frex/FRB20201124_0020.fits,FRB,1.394326449,411.51,FRB20201124
fast_frex/FRB20201124_0021.fits,FRB,4.824296781,411.51,FRB20201124
fast_frex/FRB20201124_0022.fits,FRB,2.122971788,411.51,FRB20201124
fast_frex/FRB20201124_0023.fits,FRB,0.545763108,411.51,FRB20201124
fast_frex/FRB20201124_0024.fits,FRB,4.053570097,411.51,FRB20201124
fast_frex/FRB20201124_0025.fits,FRB,0.950278365,411.51,FRB20201124
fast_frex/FRB20201124_0026.fits,FRB,3.74175827,411.51,FRB20201124
fast_frex/FRB20201124_0027.fits,FRB,2.884674305,411.51,FRB20201124
fast_frex/FRB20201124_0028.fits,FRB,1.881066291,411.51,FRB20201124
fast_frex/FRB20201124_0029.fits,FRB,0.856930576,411.51,FRB20201124
fast_frex/FRB20201124_0030.fits,FRB,2.355978219,411.51,FRB20201124
fast_frex/FRB20201124_0031.fits,FRB,4.929354927,411.51,FRB20201124
fast_frex/FRB20201124_0032.fits,FRB,1.528251241,411.51,FRB20201124
fast_frex/FRB20201124_0033.fits,FRB,3.944689804,411.51,FRB20201124
fast_frex/FRB20201124_0034.fits,FRB,3.310804185,411.51,FRB20201124
fast_frex/FRB20201124_0035.fits,FRB,0.837296178,411.51,FRB20201124
fast_frex/FRB20201124_0036.fits,FRB,3.368888889,411.51,FRB20201124
fast_frex/FRB20201124_0037.fits,FRB,0.737034576,411.51,FRB20201124
fast_frex/FRB20201124_0038.fits,FRB,4.906664067,411.51,FRB20201124
fast_frex/FRB20201124_0039.fits,FRB,4.450080846,411.51,FRB20201124
fast_frex/FRB20201124_0040.fits,FRB,2.508776751,411.51,FRB20201124
fast_frex/FRB20201124_0041.fits,FRB,0.368524203,411.51,FRB20201124
fast_frex/FRB20201124_0042.fits,FRB,0.301277032,411.51,FRB20201124
fast_frex/FRB20201124_0043.fits,FRB,4.848818248,411.51,FRB20201124
fast_frex/FRB20201124_0044.fits,FRB,4.412390571,411.51,FRB20201124
fast_frex/FRB20201124_0045.fits,FRB,4.488497833,411.51,FRB20201124
fast_frex/FRB20201124_0046.fits,FRB,2.413647389,411.51,FRB20201124
fast_frex/FRB20201124_0047.fits,FRB,2.331013558,411.51,FRB20201124
fast_frex/FRB20201124_0048.fits,FRB,2.887905529,411.51,FRB20201124
fast_frex/FRB20201124_0049.fits,FRB,1.723121689,411.51,FRB20201124
fast_frex/FRB20201124_0050.fits,FRB,2.510560839,411.51,FRB20201124
fast_frex/FRB20201124_0051.fits,FRB,1.911336067,411.51,FRB20201124
fast_frex/FRB20201124_0052.fits,FRB,2.933738614,411.51,FRB20201124
fast_frex/FRB20201124_0053.fits,FRB,2.788257482,411.51,FRB20201124
fast_frex/FRB20201124_0054.fits,FRB,0.531228259,411.51,FRB20201124
fast_frex/FRB20201124_0055.fits,FRB,2.255657525,411.51,FRB20201124
fast_frex/FRB20201124_0056.fits,FRB,1.466347533,411.51,FRB20201124
fast_frex/FRB20201124_0057.fits,FRB,3.501139604,411.51,FRB20201124
fast_frex/FRB20201124_0058.fits,FRB,1.845312864,411.51,FRB20201124
fast_frex/FRB20201124_0059.fits,FRB,2.784773544,411.51,FRB20201124
fast_frex/FRB20201124_0060.fits,FRB,1.479904214,412.55,FRB20201124
fast_frex/FRB20201124_0061.fits,FRB,1.989685697,412.55,FRB20201124
fast_frex/FRB20201124_0062.fits,FRB,2.775360877,412.55,FRB20201124
fast_frex/FRB20201124_0063.fits,FRB,2.67126204,412.55,FRB20201124
fast_frex/FRB20201124_0064.fits,FRB,1.679139328,412.55,FRB20201124
fast_frex/FRB20201124_0065.fits,FRB,3.01750463,412.55,FRB20201124
fast_frex/FRB20201124_0066.fits,FRB,2.120068716,412.55,FRB20201124
fast_frex/FRB20201124_0067.fits,FRB,2.02780785,412.55,FRB20201124
fast_frex/FRB20201124_0068.fits,FRB,4.165333346,412.55,FRB20201124
fast_frex/FRB20201124_0069.fits,FRB,0.627218862,412.55,FRB20201124
fast_frex/FRB20201124_0070.fits,FRB,1.097979862,412.55,FRB20201124
fast_frex/FRB20201124_0071.fits,FRB,1.275642472,412.55,FRB20201124
fast_frex/FRB20201124_0072.fits,FRB,0.606927532,412.55,FRB20201124
fast_frex/FRB20201124_0073.fits,FRB,4.861169192,412.55,FRB20201124
fast_frex/FRB20201124_0074.fits,FRB,0.487413746,412.55,FRB20201124
fast_frex/FRB20201124_0075.fits,FRB,4.18157496,412.55,FRB20201124
fast_frex/FRB20201124_0076.fits,FRB,1.057219296,412.55,FRB20201124
fast_frex/FRB20201124_0077.fits,FRB,1.807910507,412.55,FRB20201124
fast_frex/FRB20201124_0078.fits,FRB,3.652913449,412.55,FRB20201124
fast_frex/FRB20201124_0079.fits,FRB,0.550812366,412.55,FRB20201124
fast_frex/FRB20201124_0080.fits,FRB,1.588573284,412.55,FRB20201124
fast_frex/FRB20201124_0081.fits,FRB,3.466132376,412.55,FRB20201124
fast_frex/FRB20201124_0082.fits,FRB,2.6063069,412.55,FRB20201124
fast_frex/FRB20201124_0083.fits,FRB,0.751328026,412.55,FRB20201124
fast_frex/FRB20201124_0084.fits,FRB,4.464302002,412.55,FRB20201124
fast_frex/FRB20201124_0085.fits,FRB,3.904892947,412.55,FRB20201124
fast_frex/FRB20201124_0086.fits,FRB,0.951537536,412.55,FRB20201124
fast_frex/FRB20201124_0087.fits,FRB,0.421058619,412.55,FRB20201124
fast_frex/FRB20201124_0088.fits,FRB,2.034947975,412.55,FRB20201124
fast_frex/FRB20201124_0089.fits,FRB,1.438018377,412.55,FRB20201124
fast_frex/FRB20201124_0090.fits,FRB,4.537095688,412.55,FRB20201124
fast_frex/FRB20201124_0091.fits,FRB,0.425552786,412.55,FRB20201124
fast_frex/FRB20201124_0092.fits,FRB,0.923936348,412.55,FRB20201124
fast_frex/FRB20201124_0093.fits,FRB,3.036246984,412.55,FRB20201124
fast_frex/FRB20201124_0094.fits,FRB,1.617182186,412.55,FRB20201124
fast_frex/FRB20201124_0095.fits,FRB,2.424395294,412.55,FRB20201124
fast_frex/FRB20201124_0096.fits,FRB,2.227403177,412.55,FRB20201124
fast_frex/FRB20201124_0097.fits,FRB,1.935885195,412.55,FRB20201124
fast_frex/FRB20201124_0098.fits,FRB,2.610296896,412.55,FRB20201124
fast_frex/FRB20201124_0099.fits,FRB,4.810424522,412.55,FRB20201124
fast_frex/FRB20201124_0100.fits,FRB,0.964748464,412.55,FRB20201124
fast_frex/FRB20201124_0101.fits,FRB,3.923180164,412.55,FRB20201124
fast_frex/FRB20201124_0102.fits,FRB,0.291798357,412.55,FRB20201124
fast_frex/FRB20201124_0103.fits,FRB,4.960436281,412.55,FRB20201124
fast_frex/FRB20201124_0104.fits,FRB,2.077224827,412.55,FRB20201124
fast_frex/FRB20201124_0105.fits,FRB,3.894184646,412.55,FRB20201124
fast_frex/FRB20201124_0106.fits,FRB,1.929756557,412.55,FRB20201124
fast_frex/FRB20201124_0107.fits,FRB,1.969674742,412.55,FRB20201124
fast_frex/FRB20201124_0108.fits,FRB,3.369235899,412.55,FRB20201124
fast_frex/FRB20201124_0109.fits,FRB,4.264298687,412.55,FRB20201124
fast_frex/FRB20201124_0110.fits,FRB,2.230934892,412.55,FRB20201124
fast_frex/FRB20201124_0111.fits,FRB,1.581403613,412.55,FRB20201124
fast_frex/FRB20201124_0112.fits,FRB,3.441908886,412.55,FRB20201124
fast_frex/FRB20201124_0113.fits,FRB,4.730629642,412.55,FRB20201124
fast_frex/FRB20201124_0114.fits,FRB,1.923278393,412.55,FRB20201124
fast_frex/FRB20201124_0115.fits,FRB,3.844277328,412.55,FRB20201124
fast_frex/FRB20201124_0116.fits,FRB,0.675083091,412.55,FRB20201124
fast_frex/FRB20201124_0117.fits,FRB,0.322760898,412.55,FRB20201124
fast_frex/FRB20201124_0118.fits,FRB,3.873705352,412.55,FRB20201124
fast_frex/FRB20201124_0119.fits,FRB,4.863713938,412.55,FRB20201124
fast_frex/FRB20201124_0120.fits,FRB,0.811821688,412.55,FRB20201124
fast_frex/FRB20201124_0121.fits,FRB,3.690076293,412.55,FRB20201124
fast_frex/FRB20201124_0122.fits,FRB,2.113645873,412.55,FRB20201124
fast_frex/FRB20201124_0123.fits,FRB,0.520822336,412.55,FRB20201124
fast_frex/FRB20201124_0124.fits,FRB,1.380010997,412.55,FRB20201124
fast_frex/FRB20201124_0125.fits,FRB,1.850361493,412.55,FRB20201124
fast_frex/00001_neg_sample.fits,RFI,,,
fast_frex/00002_neg_sample.fits,RFI,,,
fast_frex/00003_neg_sample.fits,RFI,,,
fast_frex/00004_neg_sample.fits,RFI,,,
fast_frex/00005_neg_sample.fits,RFI,,,
fast_frex/00006_neg_sample.fits,RFI,,,
fast_frex/00007_neg_sample.fits,RFI,,,
fast_frex/00008_neg_sample.fits,RFI,,,
fast_frex/00009_neg_sample.fits,RFI,,,
fast_frex/00010_neg_sample.fits,RFI,,,
fast_frex/00011_neg_sample.fits,RFI,,,
fast_frex/00012_neg_sample.fits,RFI,,,
fast_frex/00013_neg_sample.fits,RFI,,,
fast_frex/00014_neg_sample.fits,RFI,,,
fast_frex/00015_neg_sample.fits,RFI,,,
fast_frex/00016_neg_sample.fits,RFI,,,
fast_frex/00017_neg_sample.fits,RFI,,,
fast_frex/00018_neg_sample.fits,RFI,,,
fast_frex/00019_neg_sample.fits,RFI,,,
fast_frex/00020_neg_sample.fits,RFI,,,
fast_frex/00021_neg_sample.fits,RFI,,,
fast_frex/00022_neg_sample.fits,RFI,,,
fast_frex/00023_neg_sample.fits,RFI,,,
fast_frex/00024_neg_sample.fits,RFI,,,
fast_frex/00025_neg_sample.fits,RFI,,,
fast_frex/00026_neg_sample.fits,RFI,,,
fast_frex/00027_neg_sample.fits,RFI,,,
fast_frex/00028_neg_sample.fits,RFI,,,
fast_frex/00029_neg_sample.fits,RFI,,,
fast_frex/00030_neg_sample.fits,RFI,,,
fast_frex/00031_neg_sample.fits,RFI,,,
fast_frex/00032_neg_sample.fits,RFI,,,
fast_frex/00033_neg_sample.fits,RFI,,,
fast_frex/00034_neg_sample.fits,RFI,,,
fast_frex/00035_neg_sample.fits,RFI,,,
fast_frex/00036_neg_sample.fits,RFI,,,
fast_frex/00037_neg_sample.fits,RFI,,,
fast_frex/00038_neg_sample.fits,RFI,,,
fast_frex/00039_neg_sample.fits,RFI,,,
fast_frex/00040_neg_sample.fits,RFI,,,
fast_frex/00041_neg_sample.fits,RFI,,,
fast_frex/00042_neg_sample.fits,RFI,,,
fast_frex/00043_neg_sample.fits,RFI,,,
fast_frex/00044_neg_sample.fits,RFI,,,
fast_frex/00045_neg_sample.fits,RFI,,,
fast_frex/00046_neg_sample.fits,RFI,,,
fast_frex/00047_neg_sample.fits,RFI,,,
fast_frex/00048_neg_sample.fits,RFI,,,
fast_frex/00049_neg_sample.fits,RFI,,,
fast_frex/00050_neg_sample.fits,RFI,,,
fast_frex/00051_neg_sample.fits,RFI,,,
fast_frex/00052_neg_sample.fits,RFI,,,
fast_frex/00053_neg_sample.fits,RFI,,,
fast_frex/00054_neg_sample.fits,RFI,,,
fast_frex/00055_neg_sample.fits,RFI,,,
fast_frex/00056_neg_sample.fits,RFI,,,
fast_frex/00057_neg_sample.fits,RFI,,,
fast_frex/00058_neg_sample.fits,RFI,,,
fast_frex/00059_neg_sample.fits,RFI,,,
fast_frex/00060_neg_sample.fits,RFI,,,
fast_frex/00061_neg_sample.fits,RFI,,,
fast_frex/00062_neg_sample.fits,RFI,,,
fast_frex/00063_neg_sample.fits,RFI,,,
fast_frex/00064_neg_sample.fits,RFI,,,
fast_frex/00065_neg_sample.fits,RFI,,,
fast_frex/00066_neg_sample.fits,RFI,,,
fast_frex/00067_neg_sample.fits,RFI,,,
fast_frex/00068_neg_sample.fits,RFI,,,
fast_frex/00069_neg_sample.fits,RFI,,,
fast_frex/00070_neg_sample.fits,RFI,,,
fast_frex/00071_neg_sample.fits,RFI,,,
fast_frex/00072_neg_sample.fits,RFI,,,
fast_frex/00073_neg_sample.fits,RFI,,,
fast_frex/00074_neg_sample.fits,RFI,,,
fast_frex/00075_neg_sample.fits,RFI,,,
fast_frex/00076_neg_sample.fits,RFI,,,
fast_frex/00077_neg_sample.fits,RFI,,,
fast_frex/00078_neg_sample.fits,RFI,,,
fast_frex/00079_neg_sample.fits,RFI,,,
fast_frex/00080_neg_sample.fits,RFI,,,
fast_frex/00081_neg_sample.fits,RFI,,,
fast_frex/00082_neg_sample.fits,RFI,,,
fast_frex/00083_neg_sample.fits,RFI,,,
fast_frex/00084_neg_sample.fits,RFI,,,
fast_frex/00085_neg_sample.fits,RFI,,,
fast_frex/00086_neg_sample.fits,RFI,,,
fast_frex/00087_neg_sample.fits,RFI,,,
fast_frex/00088_neg_sample.fits,RFI,,,
fast_frex/00089_neg_sample.fits,RFI,,,
fast_frex/00090_neg_sample.fits,RFI,,,
fast_frex/00091_neg_sample.fits,RFI,,,
fast_frex/00092_neg_sample.fits,RFI,,,
fast_frex/00093_neg_sample.fits,RFI,,,
fast_frex/00094_neg_sample.fits,RFI,,,
fast_frex/00095_neg_sample.fits,RFI,,,
fast_frex/00096_neg_sample.fits,RFI,,,
fast_frex/00097_neg_sample.fits,RFI,,,
fast_frex/00098_neg_sample.fits,RFI,,,
fast_frex/00099_neg_sample.fits,RFI,,,
fast_frex/00100_neg_sample.fits,RFI,,,
fast_frex/00101_neg_sample.fits,RFI,,,
fast_frex/00102_neg_sample.fits,RFI,,,
fast_frex/00103_neg_sample.fits,RFI,,,
fast_frex/00104_neg_sample.fits,RFI,,,
fast_frex/00105_neg_sample.fits,RFI,,,
fast_frex/00106_neg_sample.fits,RFI,,,
fast_frex/00107_neg_sample.fits,RFI,,,
fast_frex/00108_neg_sample.fits,RFI,,,
fast_frex/00109_neg_sample.fits,RFI,,,
fast_frex/00110_neg_sample.fits,RFI,,,
fast_frex/00111_neg_sample.fits,RFI,,,
fast_frex/00112_neg_sample.fits,RFI,,,
fast_frex/00113_neg_sample.fits,RFI,,,
fast_frex/00114_neg_sample.fits,RFI,,,
fast_frex/00115_neg_sample.fits,RFI,,,
fast_frex/00116_neg_sample.fits,RFI,,,
fast_frex/00117_neg_sample.fits,RFI,,,
fast_frex/00118_neg_sample.fits,RFI,,,
fast_frex/00119_neg_sample.fits,RFI,,,
fast_frex/00120_neg_sample.fits,RFI,,,
fast_frex/00121_neg_sample.fits,RFI,,,
fast_frex/00122_neg_sample.fits,RFI,,,
fast_frex/00123_neg_sample.fits,RFI,,,
fast_frex/00124_neg_sample.fits,RFI,,,
fast_frex/00125_neg_sample.fits,RFI,,,
fast_frex/00126_neg_sample.fits,RFI,,,
fast_frex/00127_neg_sample.fits,RFI,,,
fast_frex/00128_neg_sample.fits,RFI,,,
fast_frex/00129_neg_sample.fits,RFI,,,
fast_frex/00130_neg_sample.fits,RFI,,,
fast_frex/00131_neg_sample.fits,RFI,,,
fast_frex/00132_neg_sample.fits,RFI,,,
fast_frex/00133_neg_sample.fits,RFI,,,
fast_frex/00134_neg_sample.fits,RFI,,,
fast_frex/00135_neg_sample.fits,RFI,,,
fast_frex/00136_neg_sample.fits,RFI,,,
fast_frex/00137_neg_sample.fits,RFI,,,
fast_frex/00138_neg_sample.fits,RFI,,,
fast_frex/00139_neg_sample.fits,RFI,,,
fast_frex/00140_neg_sample.fits,RFI,,,
fast_frex/00141_neg_sample.fits,RFI,,,
fast_frex/00142_neg_sample.fits,RFI,,,
fast_frex/00143_neg_sample.fits,RFI,,,
fast_frex/00144_neg_sample.fits,RFI,,,
fast_frex/00145_neg_sample.fits,RFI,,,
fast_frex/00146_neg_sample.fits,RFI,,,
fast_frex/00147_neg_sample.fits,RFI,,,
fast_frex/00148_neg_sample.fits,RFI,,,
fast_frex/00149_neg_sample.fits,RFI,,,
fast_frex/00150_neg_sample.fits,RFI,,,
fast_frex/00151_neg_sample.fits,RFI,,,
fast_frex/00152_neg_sample.fits,RFI,,,
fast_frex/00153_neg_sample.fits,RFI,,,
fast_frex/00154_neg_sample.fits,RFI,,,
fast_frex/00155_neg_sample.fits,RFI,,,
fast_frex/00156_neg_sample.fits,RFI,,,
fast_frex/00157_neg_sample.fits,RFI,,,
fast_frex/00158_neg_sample.fits,RFI,,,
fast_frex/00159_neg_sample.fits,RFI,,,
fast_frex/00160_neg_sample.fits,RFI,,,
fast_frex/00161_neg_sample.fits,RFI,,,
fast_frex/00162_neg_sample.fits,RFI,,,
fast_frex/00163_neg_sample.fits,RFI,,,
fast_frex/00164_neg_sample.fits,RFI,,,
fast_frex/00165_neg_sample.fits,RFI,,,
fast_frex/00166_neg_sample.fits,RFI,,,
fast_frex/00167_neg_sample.fits,RFI,,,
fast_frex/00168_neg_sample.fits,RFI,,,
fast_frex/00169_neg_sample.fits,RFI,,,
fast_frex/00170_neg_sample.fits,RFI,,,
fast_frex/00171_neg_sample.fits,RFI,,,
fast_frex/00172_neg_sample.fits,RFI,,,
fast_frex/00173_neg_sample.fits,RFI,,,
fast_frex/00174_neg_sample.fits,RFI,,,
fast_frex/00175_neg_sample.fits,RFI,,,
fast_frex/00176_neg_sample.fits,RFI,,,
fast_frex/00177_neg_sample.fits,RFI,,,
fast_frex/00178_neg_sample.fits,RFI,,,
fast_frex/00179_neg_sample.fits,RFI,,,
fast_frex/00180_neg_sample.fits,RFI,,,
fast_frex/00181_neg_sample.fits,RFI,,,
fast_frex/00182_neg_sample.fits,RFI,,,
fast_frex/00183_neg_sample.fits,RFI,,,
fast_frex/00184_neg_sample.fits,RFI,,,
fast_frex/00185_neg_sample.fits,RFI,,,
fast_frex/00186_neg_sample.fits,RFI,,,
fast_frex/00187_neg_sample.fits,RFI,,,
fast_frex/00188_neg_sample.fits,RFI,,,
fast_frex/00189_neg_sample.fits,RFI,,,
fast_frex/00190_neg_sample.fits,RFI,,,
fast_frex/00191_neg_sample.fits,RFI,,,
fast_frex/00192_neg_sample.fits,RFI,,,
fast_frex/00193_neg_sample.fits,RFI,,,
fast_frex/00194_neg_sample.fits,RFI,,,
fast_frex/00195_neg_sample.fits,RFI,,,
fast_frex/00196_neg_sample.fits,RFI,,,
fast_frex/00197_neg_sample.fits,RFI,,,
fast_frex/00198_neg_sample.fits,RFI,,,
fast_frex/00199_neg_sample.fits,RFI,,,
fast_frex/00200_neg_sample.fits,RFI,,,
fast_frex/00201_neg_sample.fits,RFI,,,
fast_frex/00202_neg_sample.fits,RFI,,,
fast_frex/00203_neg_sample.fits,RFI,,,
fast_frex/00204_neg_sample.fits,RFI,,,
fast_frex/00205_neg_sample.fits,RFI,,,
fast_frex/00206_neg_sample.fits,RFI,,,
fast_frex/00207_neg_sample.fits,RFI,,,
fast_frex/00208_neg_sample.fits,RFI,,,
fast_frex/00209_neg_sample.fits,RFI,,,
fast_frex/00210_neg_sample.fits,RFI,,,
fast_frex/00211_neg_sample.fits,RFI,,,
fast_frex/00212_neg_sample.fits,RFI,,,
fast_frex/00213_neg_sample.fits,RFI,,,
fast_frex/00214_neg_sample.fits,RFI,,,
fast_frex/00215_neg_sample.fits,RFI,,,
fast_frex/00216_neg_sample.fits,RFI,,,
fast_frex/00217_neg_sample.fits,RFI,,,
fast_frex/00218_neg_sample.fits,RFI,,,
fast_frex/00219_neg_sample.fits,RFI,,,
fast_frex/00220_neg_sample.fits,RFI,,,
fast_frex/00221_neg_sample.fits,RFI,,,
fast_frex/00222_neg_sample.fits,RFI,,,
fast_frex/00223_neg_sample.fits,RFI,,,
fast_frex/00224_neg_sample.fits,RFI,,,
fast_frex/00225_neg_sample.fits,RFI,,,
fast_frex/00226_neg_sample.fits,RFI,,,
fast_frex/00227_neg_sample.fits,RFI,,,
fast_frex/00228_neg_sample.fits,RFI,,,
fast_frex/00229_neg_sample.fits,RFI,,,
fast_frex/00230_neg_sample.fits,RFI,,,
fast_frex/00231_neg_sample.fits,RFI,,,
fast_frex/00232_neg_sample.fits,RFI,,,
fast_frex/00233_neg_sample.fits,RFI,,,
fast_frex/00234_neg_sample.fits,RFI,,,
fast_frex/00235_neg_sample.fits,RFI,,,
fast_frex/00236_neg_sample.fits,RFI,,,
fast_frex/00237_neg_sample.fits,RFI,,,
fast_frex/00238_neg_sample.fits,RFI,,,
fast_frex/00239_neg_sample.fits,RFI,,,
fast_frex/00240_neg_sample.fits,RFI,,,
fast_frex/00241_neg_sample.fits,RFI,,,
fast_frex/00242_neg_sample.fits,RFI,,,
fast_frex/00243_neg_sample.fits,RFI,,,
fast_frex/00244_neg_sample.fits,RFI,,,
fast_frex/00245_neg_sample.fits,RFI,,,
fast_frex/00246_neg_sample.fits,RFI,,,
fast_frex/00247_neg_sample.fits,RFI,,,
fast_frex/00248_neg_sample.fits,RFI,,,
fast_frex/00249_neg_sample.fits,RFI,,,
fast_frex/00250_neg_sample.fits,RFI,,,
fast_frex/00251_neg_sample.fits,RFI,,,
fast_frex/00252_neg_sample.fits,RFI,,,
fast_frex/00253_neg_sample.fits,RFI,,,
fast_frex/00254_neg_sample.fits,RFI,,,
fast_frex/00255_neg_sample.fits,RFI,,,
fast_frex/00256_neg_sample.fits,RFI,,,
fast_frex/00257_neg_sample.fits,RFI,,,
fast_frex/00258_neg_sample.fits,RFI,,,
fast_frex/00259_neg_sample.fits,RFI,,,
fast_frex/00260_neg_sample.fits,RFI,,,
fast_frex/00261_neg_sample.fits,RFI,,,
fast_frex/00262_neg_sample.fits,RFI,,,
fast_frex/00263_neg_sample.fits,RFI,,,
fast_frex/00264_neg_sample.fits,RFI,,,
fast_frex/00265_neg_sample.fits,RFI,,,
fast_frex/00266_neg_sample.fits,RFI,,,
fast_frex/00267_neg_sample.fits,RFI,,,
fast_frex/00268_neg_sample.fits,RFI,,,
fast_frex/00269_neg_sample.fits,RFI,,,
fast_frex/00270_neg_sample.fits,RFI,,,
fast_frex/00271_neg_sample.fits,RFI,,,
fast_frex/00272_neg_sample.fits,RFI,,,
fast_frex/00273_neg_sample.fits,RFI,,,
fast_frex/00274_neg_sample.fits,RFI,,,
fast_frex/00275_neg_sample.fits,RFI,,,
fast_frex/00276_neg_sample.fits,RFI,,,
fast_frex/00277_neg_sample.fits,RFI,,,
fast_frex/00278_neg_sample.fits,RFI,,,
fast_frex/00279_neg_sample.fits,RFI,,,
fast_frex/00280_neg_sample.fits,RFI,,,
fast_frex/00281_neg_sample.fits,RFI,,,
fast_frex/00282_neg_sample.fits,RFI,,,
fast_frex/00283_neg_sample.fits,RFI,,,
fast_frex/00284_neg_sample.fits,RFI,,,
fast_frex/00285_neg_sample.fits,RFI,,,
fast_frex/00286_neg_sample.fits,RFI,,,
fast_frex/00287_neg_sample.fits,RFI,,,
fast_frex/00288_neg_sample.fits,RFI,,,
fast_frex/00289_neg_sample.fits,RFI,,,
fast_frex/00290_neg_sample.fits,RFI,,,
fast_frex/00291_neg_sample.fits,RFI,,,
fast_frex/00292_neg_sample.fits,RFI,,,
fast_frex/00293_neg_sample.fits,RFI,,,
fast_frex/00294_neg_sample.fits,RFI,,,
fast_frex/00295_neg_sample.fits,RFI,,,
fast_frex/00296_neg_sample.fits,RFI,,,
fast_frex/00297_neg_sample.fits,RFI,,,
fast_frex/00298_neg_sample.fits,RFI,,,
fast_frex/00299_neg_sample.fits,RFI,,,
fast_frex/00300_neg_sample.fits,RFI,,,
fast_frex/00301_neg_sample.fits,RFI,,,
fast_frex/00302_neg_sample.fits,RFI,,,
fast_frex/00303_neg_sample.fits,RFI,,,
fast_frex/00304_neg_sample.fits,RFI,,,
fast_frex/00305_neg_sample.fits,RFI,,,
fast_frex/00306_neg_sample.fits,RFI,,,
fast_frex/00307_neg_sample.fits,RFI,,,
fast_frex/00308_neg_sample.fits,RFI,,,
fast_frex/00309_neg_sample.fits,RFI,,,
fast_frex/00310_neg_sample.fits,RFI,,,
fast_frex/00311_neg_sample.fits,RFI,,,
fast_frex/00312_neg_sample.fits,RFI,,,
fast_frex/00313_neg_sample.fits,RFI,,,
fast_frex/00314_neg_sample.fits,RFI,,,
fast_frex/00315_neg_sample.fits,RFI,,,
fast_frex/00316_neg_sample.fits,RFI,,,
fast_frex/00317_neg_sample.fits,RFI,,,
fast_frex/00318_neg_sample.fits,RFI,,,
fast_frex/00319_neg_sample.fits,RFI,,,
fast_frex/00320_neg_sample.fits,RFI,,,
fast_frex/00321_neg_sample.fits,RFI,,,
fast_frex/00322_neg_sample.fits,RFI,,,
fast_frex/00323_neg_sample.fits,RFI,,,
fast_frex/00324_neg_sample.fits,RFI,,,
fast_frex/00325_neg_sample.fits,RFI,,,
fast_frex/00326_neg_sample.fits,RFI,,,
fast_frex/00327_neg_sample.fits,RFI,,,
fast_frex/00328_neg_sample.fits,RFI,,,
fast_frex/00329_neg_sample.fits,RFI,,,
fast_frex/00330_neg_sample.fits,RFI,,,
fast_frex/00331_neg_sample.fits,RFI,,,
fast_frex/00332_neg_sample.fits,RFI,,,
fast_frex/00333_neg_sample.fits,RFI,,,
fast_frex/00334_neg_sample.fits,RFI,,,
fast_frex/00335_neg_sample.fits,RFI,,,
fast_frex/00336_neg_sample.fits,RFI,,,
fast_frex/00337_neg_sample.fits,RFI,,,
fast_frex/00338_neg_sample.fits,RFI,,,
fast_frex/00339_neg_sample.fits,RFI,,,
fast_frex/00340_neg_sample.fits,RFI,,,
fast_frex/00341_neg_sample.fits,RFI,,,
fast_frex/00342_neg_sample.fits,RFI,,,
fast_frex/00343_neg_sample.fits,RFI,,,
fast_frex/00344_neg_sample.fits,RFI,,,
fast_frex/00345_neg_sample.fits,RFI,,,
fast_frex/00346_neg_sample.fits,RFI,,,
fast_frex/00347_neg_sample.fits,RFI,,,
fast_frex/00348_neg_sample.fits,RFI,,,
fast_frex/00349_neg_sample.fits,RFI,,,
fast_frex/00350_neg_sample.fits,RFI,,,
fast_frex/00351_neg_sample.fits,RFI,,,
fast_frex/00352_neg_sample.fits,RFI,,,
fast_frex/00353_neg_sample.fits,RFI,,,
fast_frex/00354_neg_sample.fits,RFI,,,
fast_frex/00355_neg_sample.fits,RFI,,,
fast_frex/00356_neg_sample.fits,RFI,,,
fast_frex/00357_neg_sample.fits,RFI,,,
fast_frex/00358_neg_sample.fits,RFI,,,
fast_frex/00359_neg_sample.fits,RFI,,,
fast_frex/00360_neg_sample.fits,RFI,,,
fast_frex/00361_neg_sample.fits,RFI,,,
fast_frex/00362_neg_sample.fits,RFI,,,
fast_frex/00363_neg_sample.fits,RFI,,,
fast_frex/00364_neg_sample.fits,RFI,,,
fast_frex/00365_neg_sample.fits,RFI,,,
fast_frex/00366_neg_sample.fits,RFI,,,
fast_frex/00367_neg_sample.fits,RFI,,,
fast_frex/00368_neg_sample.fits,RFI,,,
fast_frex/00369_neg_sample.fits,RFI,,,
fast_frex/00370_neg_sample.fits,RFI,,,
fast_frex/00371_neg_sample.fits,RFI,,,
fast_frex/00372_neg_sample.fits,RFI,,,
fast_frex/00373_neg_sample.fits,RFI,,,
fast_frex/00374_neg_sample.fits,RFI,,,
fast_frex/00375_neg_sample.fits,RFI,,,
fast_frex/00376_neg_sample.fits,RFI,,,
fast_frex/00377_neg_sample.fits,RFI,,,
fast_frex/00378_neg_sample.fits,RFI,,,
fast_frex/00379_neg_sample.fits,RFI,,,
fast_frex/00380_neg_sample.fits,RFI,,,
fast_frex/00381_neg_sample.fits,RFI,,,
fast_frex/00382_neg_sample.fits,RFI,,,
fast_frex/00383_neg_sample.fits,RFI,,,
fast_frex/00384_neg_sample.fits,RFI,,,
fast_frex/00385_neg_sample.fits,RFI,,,
fast_frex/00386_neg_sample.fits,RFI,,,
fast_frex/00387_neg_sample.fits,RFI,,,
fast_frex/00388_neg_sample.fits,RFI,,,
fast_frex/00389_neg_sample.fits,RFI,,,
fast_frex/00390_neg_sample.fits,RFI,,,
fast_frex/00391_neg_sample.fits,RFI,,,
fast_frex/00392_neg_sample.fits,RFI,,,
fast_frex/00393_neg_sample.fits,RFI,,,
fast_frex/00394_neg_sample.fits,RFI,,,
fast_frex/00395_neg_sample.fits,RFI,,,
fast_frex/00396_neg_sample.fits,RFI,,,
fast_frex/00397_neg_sample.fits,RFI,,,
fast_frex/00398_neg_sample.fits,RFI,,,
fast_frex/00399_neg_sample.fits,RFI,,,
fast_frex/00400_neg_sample.fits,RFI,,,
fast_frex/00401_neg_sample.fits,RFI,,,
fast_frex/00402_neg_sample.fits,RFI,,,
fast_frex/00403_neg_sample.fits,RFI,,,
fast_frex/00404_neg_sample.fits,RFI,,,
fast_frex/00405_neg_sample.fits,RFI,,,
fast_frex/00406_neg_sample.fits,RFI,,,
fast_frex/00407_neg_sample.fits,RFI,,,
fast_frex/00408_neg_sample.fits,RFI,,,
fast_frex/00409_neg_sample.fits,RFI,,,
fast_frex/00410_neg_sample.fits,RFI,,,
fast_frex/00411_neg_sample.fits,RFI,,,
fast_frex/00412_neg_sample.fits,RFI,,,
fast_frex/00413_neg_sample.fits,RFI,,,
fast_frex/00414_neg_sample.fits,RFI,,,
fast_frex/00415_neg_sample.fits,RFI,,,
fast_frex/00416_neg_sample.fits,RFI,,,
fast_frex/00417_neg_sample.fits,RFI,,,
fast_frex/00418_neg_sample.fits,RFI,,,
fast_frex/00419_neg_sample.fits,RFI,,,
fast_frex/00420_neg_sample.fits,RFI,,,
fast_frex/00421_neg_sample.fits,RFI,,,
fast_frex/00422_neg_sample.fits,RFI,,,
fast_frex/00423_neg_sample.fits,RFI,,,
fast_frex/00424_neg_sample.fits,RFI,,,
fast_frex/00425_neg_sample.fits,RFI,,,
fast_frex/00426_neg_sample.fits,RFI,,,
fast_frex/00427_neg_sample.fits,RFI,,,
fast_frex/00428_neg_sample.fits,RFI,,,
fast_frex/00429_neg_sample.fits,RFI,,,
fast_frex/00430_neg_sample.fits,RFI,,,
fast_frex/00431_neg_sample.fits,RFI,,,
fast_frex/00432_neg_sample.fits,RFI,,,
fast_frex/00433_neg_sample.fits,RFI,,,
fast_frex/00434_neg_sample.fits,RFI,,,
fast_frex/00435_neg_sample.fits,RFI,,,
fast_frex/00436_neg_sample.fits,RFI,,,
fast_frex/00437_neg_sample.fits,RFI,,,
fast_frex/00438_neg_sample.fits,RFI,,,
fast_frex/00439_neg_sample.fits,RFI,,,
fast_frex/00440_neg_sample.fits,RFI,,,
fast_frex/00441_neg_sample.fits,RFI,,,
fast_frex/00442_neg_sample.fits,RFI,,,
fast_frex/00443_neg_sample.fits,RFI,,,
fast_frex/00444_neg_sample.fits,RFI,,,
fast_frex/00445_neg_sample.fits,RFI,,,
fast_frex/00446_neg_sample.fits,RFI,,,
fast_frex/00447_neg_sample.fits,RFI,,,
fast_frex/00448_neg_sample.fits,RFI,,,
fast_frex/00449_neg_sample.fits,RFI,,,
fast_frex/00450_neg_sample.fits,RFI,,,
fast_frex/00451_neg_sample.fits,RFI,,,
fast_frex/00452_neg_sample.fits,RFI,,,
fast_frex/00453_neg_sample.fits,RFI,,,
fast_frex/00454_neg_sample.fits,RFI,,,
fast_frex/00455_neg_sample.fits,RFI,,,
fast_frex/00456_neg_sample.fits,RFI,,,
fast_frex/00457_neg_sample.fits,RFI,,,
fast_frex/00458_neg_sample.fits,RFI,,,
fast_frex/00459_neg_sample.fits,RFI,,,
fast_frex/00460_neg_sample.fits,RFI,,,
fast_frex/00461_neg_sample.fits,RFI,,,
fast_frex/00462_neg_sample.fits,RFI,,,
fast_frex/00463_neg_sample.fits,RFI,,,
fast_frex/00464_neg_sample.fits,RFI,,,
fast_frex/00465_neg_sample.fits,RFI,,,
fast_frex/00466_neg_sample.fits,RFI,,,
fast_frex/00467_neg_sample.fits,RFI,,,
fast_frex/00468_neg_sample.fits,RFI,,,
fast_frex/00469_neg_sample.fits,RFI,,,
fast_frex/00470_neg_sample.fits,RFI,,,
fast_frex/00471_neg_sample.fits,RFI,,,
fast_frex/00472_neg_sample.fits,RFI,,,
fast_frex/00473_neg_sample.fits,RFI,,,
fast_frex/00474_neg_sample.fits,RFI,,,
fast_frex/00475_neg_sample.fits,RFI,,,
fast_frex/00476_neg_sample.fits,RFI,,,
fast_frex/00477_neg_sample.fits,RFI,,,
fast_frex/00478_neg_sample.fits,RFI,,,
fast_frex/00479_neg_sample.fits,RFI,,,
fast_frex/00480_neg_sample.fits,RFI,,,
fast_frex/00481_neg_sample.fits,RFI,,,
fast_frex/00482_neg_sample.fits,RFI,,,
fast_frex/00483_neg_sample.fits,RFI,,,
fast_frex/00484_neg_sample.fits,RFI,,,
fast_frex/00485_neg_sample.fits,RFI,,,
fast_frex/00486_neg_sample.fits,RFI,,,
fast_frex/00487_neg_sample.fits,RFI,,,
fast_frex/00488_neg_sample.fits,RFI,,,
fast_frex/00489_neg_sample.fits,RFI,,,
fast_frex/00490_neg_sample.fits,RFI,,,
fast_frex/00491_neg_sample.fits,RFI,,,
fast_frex/00492_neg_sample.fits,RFI,,,
fast_frex/00493_neg_sample.fits,RFI,,,
fast_frex/00494_neg_sample.fits,RFI,,,
fast_frex/00495_neg_sample.fits,RFI,,,
fast_frex/00496_neg_sample.fits,RFI,,,
fast_frex/00497_neg_sample.fits,RFI,,,
fast_frex/00498_neg_sample.fits,RFI,,,
fast_frex/00499_neg_sample.fits,RFI,,,
fast_frex/00500_neg_sample.fits,RFI,,,
fast_frex/00501_neg_sample.fits,RFI,,,
fast_frex/00502_neg_sample.fits,RFI,,,
fast_frex/00503_neg_sample.fits,RFI,,,
fast_frex/00504_neg_sample.fits,RFI,,,
fast_frex/00505_neg_sample.fits,RFI,,,
fast_frex/00506_neg_sample.fits,RFI,,,
fast_frex/00507_neg_sample.fits,RFI,,,
fast_frex/00508_neg_sample.fits,RFI,,,
fast_frex/00509_neg_sample.fits,RFI,,,
fast_frex/00510_neg_sample.fits,RFI,,,
fast_frex/00511_neg_sample.fits,RFI,,,
fast_frex/00512_neg_sample.fits,RFI,,,
fast_frex/00513_neg_sample.fits,RFI,,,
fast_frex/00514_neg_sample.fits,RFI,,,
fast_frex/00515_neg_sample.fits,RFI,,,
fast_frex/00516_neg_sample.fits,RFI,,,
fast_frex/00517_neg_sample.fits,RFI,,,
fast_frex/00518_neg_sample.fits,RFI,,,
fast_frex/00519_neg_sample.fits,RFI,,,
fast_frex/00520_neg_sample.fits,RFI,,,
fast_frex/00521_neg_sample.fits,RFI,,,
fast_frex/00522_neg_sample.fits,RFI,,,
fast_frex/00523_neg_sample.fits,RFI,,,
fast_frex/00524_neg_sample.fits,RFI,,,
fast_frex/00525_neg_sample.fits,RFI,,,
fast_frex/00526_neg_sample.fits,RFI,,,
fast_frex/00527_neg_sample.fits,RFI,,,
fast_frex/00528_neg_sample.fits,RFI,,,
fast_frex/00529_neg_sample.fits,RFI,,,
fast_frex/00530_neg_sample.fits,RFI,,,
fast_frex/00531_neg_sample.fits,RFI,,,
fast_frex/00532_neg_sample.fits,RFI,,,
fast_frex/00533_neg_sample.fits,RFI,,,
fast_frex/00534_neg_sample.fits,RFI,,,
fast_frex/00535_neg_sample.fits,RFI,,,
fast_frex/00536_neg_sample.fits,RFI,,,
fast_frex/00537_neg_sample.fits,RFI,,,
fast_frex/00538_neg_sample.fits,RFI,,,
fast_frex/00539_neg_sample.fits,RFI,,,
fast_frex/00540_neg_sample.fits,RFI,,,
fast_frex/00541_neg_sample.fits,RFI,,,
fast_frex/00542_neg_sample.fits,RFI,,,
fast_frex/00543_neg_sample.fits,RFI,,,
fast_frex/00544_neg_sample.fits,RFI,,,
fast_frex/00545_neg_sample.fits,RFI,,,
fast_frex/00546_neg_sample.fits,RFI,,,
fast_frex/00547_neg_sample.fits,RFI,,,
fast_frex/00548_neg_sample.fits,RFI,,,
fast_frex/00549_neg_sample.fits,RFI,,,
fast_frex/00550_neg_sample.fits,RFI,,,
fast_frex/00551_neg_sample.fits,RFI,,,
fast_frex/00552_neg_sample.fits,RFI,,,
fast_frex/00553_neg_sample.fits,RFI,,,
fast_frex/00554_neg_sample.fits,RFI,,,
fast_frex/00555_neg_sample.fits,RFI,,,
fast_frex/00556_neg_sample.fits,RFI,,,
fast_frex/00557_neg_sample.fits,RFI,,,
fast_frex/00558_neg_sample.fits,RFI,,,
fast_frex/00559_neg_sample.fits,RFI,,,
fast_frex/00560_neg_sample.fits,RFI,,,
fast_frex/00561_neg_sample.fits,RFI,,,
fast_frex/00562_neg_sample.fits,RFI,,,
fast_frex/00563_neg_sample.fits,RFI,,,
fast_frex/00564_neg_sample.fits,RFI,,,
fast_frex/00565_neg_sample.fits,RFI,,,
fast_frex/00566_neg_sample.fits,RFI,,,
fast_frex/00567_neg_sample.fits,RFI,,,
fast_frex/00568_neg_sample.fits,RFI,,,
fast_frex/00569_neg_sample.fits,RFI,,,
fast_frex/00570_neg_sample.fits,RFI,,,
fast_frex/00571_neg_sample.fits,RFI,,,
fast_frex/00572_neg_sample.fits,RFI,,,
fast_frex/00573_neg_sample.fits,RFI,,,
fast_frex/00574_neg_sample.fits,RFI,,,
fast_frex/00575_neg_sample.fits,RFI,,,
fast_frex/00576_neg_sample.fits,RFI,,,
fast_frex/00577_neg_sample.fits,RFI,,,
fast_frex/00578_neg_sample.fits,RFI,,,
fast_frex/00579_neg_sample.fits,RFI,,,
fast_frex/00580_neg_sample.fits,RFI,,,
fast_frex/00581_neg_sample.fits,RFI,,,
fast_frex/00582_neg_sample.fits,RFI,,,
fast_frex/00583_neg_sample.fits,RFI,,,
fast_frex/00584_neg_sample.fits,RFI,,,
fast_frex/00585_neg_sample.fits,RFI,,,
fast_frex/00586_neg_sample.fits,RFI,,,
fast_frex/00587_neg_sample.fits,RFI,,,
fast_frex/00588_neg_sample.fits,RFI,,,
fast_frex/00589_neg_sample.fits,RFI,,,
fast_frex/00590_neg_sample.fits,RFI,,,
fast_frex/00591_neg_sample.fits,RFI,,,
fast_frex/00592_neg_sample.fits,RFI,,,
fast_frex/00593_neg_sample.fits,RFI,,,
fast_frex/00594_neg_sample.fits,RFI,,,
fast_frex/00595_neg_sample.fits,RFI,,,
fast_frex/00596_neg_sample.fits,RFI,,,
fast_frex/00597_neg_sample.fits,RFI,,,
fast_frex/00598_neg_sample.fits,RFI,,,
fast_frex/00599_neg_sample.fits,RFI,,,
fast_frex/00600_neg_sample.fits,RFI,,,
fast_frex/00601_neg_sample.fits,RFI,,,
fast_frex/00602_neg_sample.fits,RFI,,,
fast_frex/00603_neg_sample.fits,RFI,,,
fast_frex/00604_neg_sample.fits,RFI,,,
fast_frex/00605_neg_sample.fits,RFI,,,
fast_frex/00606_neg_sample.fits,RFI,,,
fast_frex/00607_neg_sample.fits,RFI,,,
fast_frex/00608_neg_sample.fits,RFI,,,
fast_frex/00609_neg_sample.fits,RFI,,,
fast_frex/00610_neg_sample.fits,RFI,,,
fast_frex/00611_neg_sample.fits,RFI,,,
fast_frex/00612_neg_sample.fits,RFI,,,
fast_frex/00613_neg_sample.fits,RFI,,,
fast_frex/00614_neg_sample.fits,RFI,,,
fast_frex/00615_neg_sample.fits,RFI,,,
fast_frex/00616_neg_sample.fits,RFI,,,
fast_frex/00617_neg_sample.fits,RFI,,,
fast_frex/00618_neg_sample.fits,RFI,,,
fast_frex/00619_neg_sample.fits,RFI,,,
fast_frex/00620_neg_sample.fits,RFI,,,
fast_frex/00621_neg_sample.fits,RFI,,,
fast_frex/00622_neg_sample.fits,RFI,,,
fast_frex/00623_neg_sample.fits,RFI,,,
fast_frex/00624_neg_sample.fits,RFI,,,
fast_frex/00625_neg_sample.fits,RFI,,,
fast_frex/00626_neg_sample.fits,RFI,,,
fast_frex/00627_neg_sample.fits,RFI,,,
fast_frex/00628_neg_sample.fits,RFI,,,
fast_frex/00629_neg_sample.fits,RFI,,,
fast_frex/00630_neg_sample.fits,RFI,,,
fast_frex/00631_neg_sample.fits,RFI,,,
fast_frex/00632_neg_sample.fits,RFI,,,
fast_frex/00633_neg_sample.fits,RFI,,,
fast_frex/00634_neg_sample.fits,RFI,,,
fast_frex/00635_neg_sample.fits,RFI,,,
fast_frex/00636_neg_sample.fits,RFI,,,
fast_frex/00637_neg_sample.fits,RFI,,,
fast_frex/00638_neg_sample.fits,RFI,,,
fast_frex/00639_neg_sample.fits,RFI,,,
fast_frex/00640_neg_sample.fits,RFI,,,
fast_frex/00641_neg_sample.fits,RFI,,,
fast_frex/00642_neg_sample.fits,RFI,,,
fast_frex/00643_neg_sample.fits,RFI,,,
fast_frex/00644_neg_sample.fits,RFI,,,
fast_frex/00645_neg_sample.fits,RFI,,,
fast_frex/00646_neg_sample.fits,RFI,,,
fast_frex/00647_neg_sample.fits,RFI,,,
fast_frex/00648_neg_sample.fits,RFI,,,
fast_frex/00649_neg_sample.fits,RFI,,,
fast_frex/00650_neg_sample.fits,RFI,,,
fast_frex/00651_neg_sample.fits,RFI,,,
fast_frex/00652_neg_sample.fits,RFI,,,
fast_frex/00653_neg_sample.fits,RFI,,,
fast_frex/00654_neg_sample.fits,RFI,,,
fast_frex/00655_neg_sample.fits,RFI,,,
fast_frex/00656_neg_sample.fits,RFI,,,
fast_frex/00657_neg_sample.fits,RFI,,,
fast_frex/00658_neg_sample.fits,RFI,,,
fast_frex/00659_neg_sample.fits,RFI,,,
fast_frex/00660_neg_sample.fits,RFI,,,
fast_frex/00661_neg_sample.fits,RFI,,,
fast_frex/00662_neg_sample.fits,RFI,,,
fast_frex/00663_neg_sample.fits,RFI,,,
fast_frex/00664_neg_sample.fits,RFI,,,
fast_frex/00665_neg_sample.fits,RFI,,,
fast_frex/00666_neg_sample.fits,RFI,,,
fast_frex/00667_neg_sample.fits,RFI,,,
fast_frex/00668_neg_sample.fits,RFI,,,
fast_frex/00669_neg_sample.fits,RFI,,,
fast_frex/00670_neg_sample.fits,RFI,,,
fast_frex/00671_neg_sample.fits,RFI,,,
fast_frex/00672_neg_sample.fits,RFI,,,
fast_frex/00673_neg_sample.fits,RFI,,,
fast_frex/00674_neg_sample.fits,RFI,,,
fast_frex/00675_neg_sample.fits,RFI,,,
fast_frex/00676_neg_sample.fits,RFI,,,
fast_frex/00677_neg_sample.fits,RFI,,,
fast_frex/00678_neg_sample.fits,RFI,,,
fast_frex/00679_neg_sample.fits,RFI,,,
fast_frex/00680_neg_sample.fits,RFI,,,
fast_frex/00681_neg_sample.fits,RFI,,,
fast_frex/00682_neg_sample.fits,RFI,,,
fast_frex/00683_neg_sample.fits,RFI,,,
fast_frex/00684_neg_sample.fits,RFI,,,
fast_frex/00685_neg_sample.fits,RFI,,,
fast_frex/00686_neg_sample.fits,RFI,,,
fast_frex/00687_neg_sample.fits,RFI,,,
fast_frex/00688_neg_sample.fits,RFI,,,
fast_frex/00689_neg_sample.fits,RFI,,,
fast_frex/00690_neg_sample.fits,RFI,,,
fast_frex/00691_neg_sample.fits,RFI,,,
fast_frex/00692_neg_sample.fits,RFI,,,
fast_frex/00693_neg_sample.fits,RFI,,,
fast_frex/00694_neg_sample.fits,RFI,,,
fast_frex/00695_neg_sample.fits,RFI,,,
fast_frex/00696_neg_sample.fits,RFI,,,
fast_frex/00697_neg_sample.fits,RFI,,,
fast_frex/00698_neg_sample.fits,RFI,,,
fast_frex/00699_neg_sample.fits,RFI,,,
fast_frex/00700_neg_sample.fits,RFI,,,
fast_frex/00701_neg_sample.fits,RFI,,,
fast_frex/00702_neg_sample.fits,RFI,,,
fast_frex/00703_neg_sample.fits,RFI,,,
fast_frex/00704_neg_sample.fits,RFI,,,
fast_frex/00705_neg_sample.fits,RFI,,,
fast_frex/00706_neg_sample.fits,RFI,,,
fast_frex/00707_neg_sample.fits,RFI,,,
fast_frex/00708_neg_sample.fits,RFI,,,
fast_frex/00709_neg_sample.fits,RFI,,,
fast_frex/00710_neg_sample.fits,RFI,,,
fast_frex/00711_neg_sample.fits,RFI,,,
fast_frex/00712_neg_sample.fits,RFI,,,
fast_frex/00713_neg_sample.fits,RFI,,,
fast_frex/00714_neg_sample.fits,RFI,,,
fast_frex/00715_neg_sample.fits,RFI,,,
fast_frex/00716_neg_sample.fits,RFI,,,
fast_frex/00717_neg_sample.fits,RFI,,,
fast_frex/00718_neg_sample.fits,RFI,,,
fast_frex/00719_neg_sample.fits,RFI,,,
fast_frex/00720_neg_sample.fits,RFI,,,
fast_frex/00721_neg_sample.fits,RFI,,,
fast_frex/00722_neg_sample.fits,RFI,,,
fast_frex/00723_neg_sample.fits,RFI,,,
fast_frex/00724_neg_sample.fits,RFI,,,
fast_frex/00725_neg_sample.fits,RFI,,,
fast_frex/00726_neg_sample.fits,RFI,,,
fast_frex/00727_neg_sample.fits,RFI,,,
fast_frex/00728_neg_sample.fits,RFI,,,
fast_frex/00729_neg_sample.fits,RFI,,,
fast_frex/00730_neg_sample.fits,RFI,,,
fast_frex/00731_neg_sample.fits,RFI,,,
fast_frex/00732_neg_sample.fits,RFI,,,
fast_frex/00733_neg_sample.fits,RFI,,,
fast_frex/00734_neg_sample.fits,RFI,,,
fast_frex/00735_neg_sample.fits,RFI,,,
fast_frex/00736_neg_sample.fits,RFI,,,
fast_frex/00737_neg_sample.fits,RFI,,,
fast_frex/00738_neg_sample.fits,RFI,,,
fast_frex/00739_neg_sample.fits,RFI,,,
fast_frex/00740_neg_sample.fits,RFI,,,
fast_frex/00741_neg_sample.fits,RFI,,,
fast_frex/00742_neg_sample.fits,RFI,,,
fast_frex/00743_neg_sample.fits,RFI,,,
fast_frex/00744_neg_sample.fits,RFI,,,
fast_frex/00745_neg_sample.fits,RFI,,,
fast_frex/00746_neg_sample.fits,RFI,,,
fast_frex/00747_neg_sample.fits,RFI,,,
fast_frex/00748_neg_sample.fits,RFI,,,
fast_frex/00749_neg_sample.fits,RFI,,,
fast_frex/00750_neg_sample.fits,RFI,,,
fast_frex/00751_neg_sample.fits,RFI,,,
fast_frex/00752_neg_sample.fits,RFI,,,
fast_frex/00753_neg_sample.fits,RFI,,,
fast_frex/00754_neg_sample.fits,RFI,,,
fast_frex/00755_neg_sample.fits,RFI,,,
fast_frex/00756_neg_sample.fits,RFI,,,
fast_frex/00757_neg_sample.fits,RFI,,,
fast_frex/00758_neg_sample.fits,RFI,,,
fast_frex/00759_neg_sample.fits,RFI,,,
fast_frex/00760_neg_sample.fits,RFI,,,
fast_frex/00761_neg_sample.fits,RFI,,,
fast_frex/00762_neg_sample.fits,RFI,,,
fast_frex/00763_neg_sample.fits,RFI,,,
fast_frex/00764_neg_sample.fits,RFI,,,
fast_frex/00765_neg_sample.fits,RFI,,,
fast_frex/00766_neg_sample.fits,RFI,,,
fast_frex/00767_neg_sample.fits,RFI,,,
fast_frex/00768_neg_sample.fits,RFI,,,
fast_frex/00769_neg_sample.fits,RFI,,,
fast_frex/00770_neg_sample.fits,RFI,,,
fast_frex/00771_neg_sample.fits,RFI,,,
fast_frex/00772_neg_sample.fits,RFI,,,
fast_frex/00773_neg_sample.fits,RFI,,,
fast_frex/00774_neg_sample.fits,RFI,,,
fast_frex/00775_neg_sample.fits,RFI,,,
fast_frex/00776_neg_sample.fits,RFI,,,
fast_frex/00777_neg_sample.fits,RFI,,,
fast_frex/00778_neg_sample.fits,RFI,,,
fast_frex/00779_neg_sample.fits,RFI,,,
fast_frex/00780_neg_sample.fits,RFI,,,
fast_frex/00781_neg_sample.fits,RFI,,,
fast_frex/00782_neg_sample.fits,RFI,,,
fast_frex/00783_neg_sample.fits,RFI,,,
fast_frex/00784_neg_sample.fits,RFI,,,
fast_frex/00785_neg_sample.fits,RFI,,,
fast_frex/00786_neg_sample.fits,RFI,,,
fast_frex/00787_neg_sample.fits,RFI,,,
fast_frex/00788_neg_sample.fits,RFI,,,
fast_frex/00789_neg_sample.fits,RFI,,,
fast_frex/00790_neg_sample.fits,RFI,,,
fast_frex/00791_neg_sample.fits,RFI,,,
fast_frex/00792_neg_sample.fits,RFI,,,
fast_frex/00793_neg_sample.fits,RFI,,,
fast_frex/00794_neg_sample.fits,RFI,,,
fast_frex/00795_neg_sample.fits,RFI,,,
fast_frex/00796_neg_sample.fits,RFI,,,
fast_frex/00797_neg_sample.fits,RFI,,,
fast_frex/00798_neg_sample.fits,RFI,,,
fast_frex/00799_neg_sample.fits,RFI,,,
fast_frex/00800_neg_sample.fits,RFI,,,
fast_frex/00801_neg_sample.fits,RFI,,,
fast_frex/00802_neg_sample.fits,RFI,,,
fast_frex/00803_neg_sample.fits,RFI,,,
fast_frex/00804_neg_sample.fits,RFI,,,
fast_frex/00805_neg_sample.fits,RFI,,,
fast_frex/00806_neg_sample.fits,RFI,,,
fast_frex/00807_neg_sample.fits,RFI,,,
fast_frex/00808_neg_sample.fits,RFI,,,
fast_frex/00809_neg_sample.fits,RFI,,,
fast_frex/00810_neg_sample.fits,RFI,,,
fast_frex/00811_neg_sample.fits,RFI,,,
fast_frex/00812_neg_sample.fits,RFI,,,
fast_frex/00813_neg_sample.fits,RFI,,,
fast_frex/00814_neg_sample.fits,RFI,,,
fast_frex/00815_neg_sample.fits,RFI,,,
fast_frex/00816_neg_sample.fits,RFI,,,
fast_frex/00817_neg_sample.fits,RFI,,,
fast_frex/00818_neg_sample.fits,RFI,,,
fast_frex/00819_neg_sample.fits,RFI,,,
fast_frex/00820_neg_sample.fits,RFI,,,
fast_frex/00821_neg_sample.fits,RFI,,,
fast_frex/00822_neg_sample.fits,RFI,,,
fast_frex/00823_neg_sample.fits,RFI,,,
fast_frex/00824_neg_sample.fits,RFI,,,
fast_frex/00825_neg_sample.fits,RFI,,,
fast_frex/00826_neg_sample.fits,RFI,,,
fast_frex/00827_neg_sample.fits,RFI,,,
fast_frex/00828_neg_sample.fits,RFI,,,
fast_frex/00829_neg_sample.fits,RFI,,,
fast_frex/00830_neg_sample.fits,RFI,,,
fast_frex/00831_neg_sample.fits,RFI,,,
fast_frex/00832_neg_sample.fits,RFI,,,
fast_frex/00833_neg_sample.fits,RFI,,,
fast_frex/00834_neg_sample.fits,RFI,,,
fast_frex/00835_neg_sample.fits,RFI,,,
fast_frex/00836_neg_sample.fits,RFI,,,
fast_frex/00837_neg_sample.fits,RFI,,,
fast_frex/00838_neg_sample.fits,RFI,,,
fast_frex/00839_neg_sample.fits,RFI,,,
fast_frex/00840_neg_sample.fits,RFI,,,
fast_frex/00841_neg_sample.fits,RFI,,,
fast_frex/00842_neg_sample.fits,RFI,,,
fast_frex/00843_neg_sample.fits,RFI,,,
fast_frex/00844_neg_sample.fits,RFI,,,
fast_frex/00845_neg_sample.fits,RFI,,,
fast_frex/00846_neg_sample.fits,RFI,,,
fast_frex/00847_neg_sample.fits,RFI,,,
fast_frex/00848_neg_sample.fits,RFI,,,
fast_frex/00849_neg_sample.fits,RFI,,,
fast_frex/00850_neg_sample.fits,RFI,,,
fast_frex/00851_neg_sample.fits,RFI,,,
fast_frex/00852_neg_sample.fits,RFI,,,
fast_frex/00853_neg_sample.fits,RFI,,,
fast_frex/00854_neg_sample.fits,RFI,,,
fast_frex/00855_neg_sample.fits,RFI,,,
fast_frex/00856_neg_sample.fits,RFI,,,
fast_frex/00857_neg_sample.fits,RFI,,,
fast_frex/00858_neg_sample.fits,RFI,,,
fast_frex/00859_neg_sample.fits,RFI,,,
fast_frex/00860_neg_sample.fits,RFI,,,
fast_frex/00861_neg_sample.fits,RFI,,,
fast_frex/00862_neg_sample.fits,RFI,,,
fast_frex/00863_neg_sample.fits,RFI,,,
fast_frex/00864_neg_sample.fits,RFI,,,
fast_frex/00865_neg_sample.fits,RFI,,,
fast_frex/00866_neg_sample.fits,RFI,,,
fast_frex/00867_neg_sample.fits,RFI,,,
fast_frex/00868_neg_sample.fits,RFI,,,
fast_frex/00869_neg_sample.fits,RFI,,,
fast_frex/00870_neg_sample.fits,RFI,,,
fast_frex/00871_neg_sample.fits,RFI,,,
fast_frex/00872_neg_sample.fits,RFI,,,
fast_frex/00873_neg_sample.fits,RFI,,,
fast_frex/00874_neg_sample.fits,RFI,,,
fast_frex/00875_neg_sample.fits,RFI,,,
fast_frex/00876_neg_sample.fits,RFI,,,
fast_frex/00877_neg_sample.fits,RFI,,,
fast_frex/00878_neg_sample.fits,RFI,,,
fast_frex/00879_neg_sample.fits,RFI,,,
fast_frex/00880_neg_sample.fits,RFI,,,
fast_frex/00881_neg_sample.fits,RFI,,,
fast_frex/00882_neg_sample.fits,RFI,,,
fast_frex/00883_neg_sample.fits,RFI,,,
fast_frex/00884_neg_sample.fits,RFI,,,
fast_frex/00885_neg_sample.fits,RFI,,,
fast_frex/00886_neg_sample.fits,RFI,,,
fast_frex/00887_neg_sample.fits,RFI,,,
fast_frex/00888_neg_sample.fits,RFI,,,
fast_frex/00889_neg_sample.fits,RFI,,,
fast_frex/00890_neg_sample.fits,RFI,,,
fast_frex/00891_neg_sample.fits,RFI,,,
fast_frex/00892_neg_sample.fits,RFI,,,
fast_frex/00893_neg_sample.fits,RFI,,,
fast_frex/00894_neg_sample.fits,RFI,,,
fast_frex/00895_neg_sample.fits,RFI,,,
fast_frex/00896_neg_sample.fits,RFI,,,
fast_frex/00897_neg_sample.fits,RFI,,,
fast_frex/00898_neg_sample.fits,RFI,,,
fast_frex/00899_neg_sample.fits,RFI,,,
fast_frex/00900_neg_sample.fits,RFI,,,
fast_frex/00901_neg_sample.fits,RFI,,,
fast_frex/00902_neg_sample.fits,RFI,,,
fast_frex/00903_neg_sample.fits,RFI,,,
fast_frex/00904_neg_sample.fits,RFI,,,
fast_frex/00905_neg_sample.fits,RFI,,,
fast_frex/00906_neg_sample.fits,RFI,,,
fast_frex/00907_neg_sample.fits,RFI,,,
fast_frex/00908_neg_sample.fits,RFI,,,
fast_frex/00909_neg_sample.fits,RFI,,,
fast_frex/00910_neg_sample.fits,RFI,,,
fast_frex/00911_neg_sample.fits,RFI,,,
fast_frex/00912_neg_sample.fits,RFI,,,
fast_frex/00913_neg_sample.fits,RFI,,,
fast_frex/00914_neg_sample.fits,RFI,,,
fast_frex/00915_neg_sample.fits,RFI,,,
fast_frex/00916_neg_sample.fits,RFI,,,
fast_frex/00917_neg_sample.fits,RFI,,,
fast_frex/00918_neg_sample.fits,RFI,,,
fast_frex/00919_neg_sample.fits,RFI,,,
fast_frex/00920_neg_sample.fits,RFI,,,
fast_frex/00921_neg_sample.fits,RFI,,,
fast_frex/00922_neg_sample.fits,RFI,,,
fast_frex/00923_neg_sample.fits,RFI,,,
fast_frex/00924_neg_sample.fits,RFI,,,
fast_frex/00925_neg_sample.fits,RFI,,,
fast_frex/00926_neg_sample.fits,RFI,,,
fast_frex/00927_neg_sample.fits,RFI,,,
fast_frex/00928_neg_sample.fits,RFI,,,
fast_frex/00929_neg_sample.fits,RFI,,,
fast_frex/00930_neg_sample.fits,RFI,,,
fast_frex/00931_neg_sample.fits,RFI,,,
fast_frex/00932_neg_sample.fits,RFI,,,
fast_frex/00933_neg_sample.fits,RFI,,,
fast_frex/00934_neg_sample.fits,RFI,,,
fast_frex/00935_neg_sample.fits,RFI,,,
fast_frex/00936_neg_sample.fits,RFI,,,
fast_frex/00937_neg_sample.fits,RFI,,,
fast_frex/00938_neg_sample.fits,RFI,,,
fast_frex/00939_neg_sample.fits,RFI,,,
fast_frex/00940_neg_sample.fits,RFI,,,
fast_frex/00941_neg_sample.fits,RFI,,,
fast_frex/00942_neg_sample.fits,RFI,,,
fast_frex/00943_neg_sample.fits,RFI,,,
fast_frex/00944_neg_sample.fits,RFI,,,
fast_frex/00945_neg_sample.fits,RFI,,,
fast_frex/00946_neg_sample.fits,RFI,,,
fast_frex/00947_neg_sample.fits,RFI,,,
fast_frex/00948_neg_sample.fits,RFI,,,
fast_frex/00949_neg_sample.fits,RFI,,,
fast_frex/00950_neg_sample.fits,RFI,,,
fast_frex/00951_neg_sample.fits,RFI,,,
fast_frex/00952_neg_sample.fits,RFI,,,
fast_frex/00953_neg_sample.fits,RFI,,,
fast_frex/00954_neg_sample.fits,RFI,,,
fast_frex/00955_neg_sample.fits,RFI,,,
fast_frex/00956_neg_sample.fits,RFI,,,
fast_frex/00957_neg_sample.fits,RFI,,,
fast_frex/00958_neg_sample.fits,RFI,,,
fast_frex/00959_neg_sample.fits,RFI,,,
fast_frex/00960_neg_sample.fits,RFI,,,
fast_frex/00961_neg_sample.fits,RFI,,,
fast_frex/00962_neg_sample.fits,RFI,,,
fast_frex/00963_neg_sample.fits,RFI,,,
fast_frex/00964_neg_sample.fits,RFI,,,
fast_frex/00965_neg_sample.fits,RFI,,,
fast_frex/00966_neg_sample.fits,RFI,,,
fast_frex/00967_neg_sample.fits,RFI,,,
fast_frex/00968_neg_sample.fits,RFI,,,
fast_frex/00969_neg_sample.fits,RFI,,,
fast_frex/00970_neg_sample.fits,RFI,,,
fast_frex/00971_neg_sample.fits,RFI,,,
fast_frex/00972_neg_sample.fits,RFI,,,
fast_frex/00973_neg_sample.fits,RFI,,,
fast_frex/00974_neg_sample.fits,RFI,,,
fast_frex/00975_neg_sample.fits,RFI,,,
fast_frex/00976_neg_sample.fits,RFI,,,
fast_frex/00977_neg_sample.fits,RFI,,,
fast_frex/00978_neg_sample.fits,RFI,,,
fast_frex/00979_neg_sample.fits,RFI,,,
fast_frex/00980_neg_sample.fits,RFI,,,
fast_frex/00981_neg_sample.fits,RFI,,,
fast_frex/00982_neg_sample.fits,RFI,,,
fast_frex/00983_neg_sample.fits,RFI,,,
fast_frex/00984_neg_sample.fits,RFI,,,
fast_frex/00985_neg_sample.fits,RFI,,,
fast_frex/00986_neg_sample.fits,RFI,,,
fast_frex/00987_neg_sample.fits,RFI,,,
fast_frex/00988_neg_sample.fits,RFI,,,
fast_frex/00989_neg_sample.fits,RFI,,,
fast_frex/00990_neg_sample.fits,RFI,,,
fast_frex/00991_neg_sample.fits,RFI,,,
fast_frex/00992_neg_sample.fits,RFI,,,
fast_frex/00993_neg_sample.fits,RFI,,,
fast_frex/00994_neg_sample.fits,RFI,,,
fast_frex/00995_neg_sample.fits,RFI,,,
fast_frex/00996_neg_sample.fits,RFI,,,
fast_frex/00997_neg_sample.fits,RFI,,,
fast_frex/00998_neg_sample.fits,RFI,,,
fast_frex/00999_neg_sample.fits,RFI,,,
fast_frex/01000_neg_sample.fits,RFI,,,
